packet_count,avg_packet_size,min_packet_size,max_packet_size,avg_inter_arrival_ms,duration_seconds,bytes_total,upstream_ratio,traffic_type
2253,202.2,177,282,19.73,44.46,455589,0.539,VoIP
4181,209.2,184,283,18.73,78.3,874498,0.457,VoIP
91,143.5,104,190,18.61,1.7,13055,0.425,VoIP
4953,155.6,112,186,20.87,103.39,770456,0.503,VoIP
5312,142.5,103,191,17.64,93.69,757052,0.571,VoIP
1777,351.3,197,491,21.1,37.49,624305,0.419,VoIP
245,211.6,152,263,19.4,4.76,51845,0.437,VoIP
1035,187.3,123,258,21.58,22.33,193831,0.426,VoIP
3693,149.9,127,179,16.38,60.48,553676,0.55,VoIP
1036,206.0,164,230,20.93,21.68,213465,0.489,VoIP
2140,228.2,204,317,21.73,46.52,488270,0.448,VoIP
833,179.6,141,199,18.83,15.68,149599,0.481,VoIP
2507,240.3,202,268,19.73,49.48,602501,0.475,VoIP
1319,184.0,163,227,21.59,28.47,242734,0.556,VoIP
3085,146.5,128,194,18.9,58.32,451996,0.509,VoIP
85,147.9,121,198,20.13,1.72,12569,0.566,VoIP
368,127.9,108,172,20.07,7.39,47056,0.542,VoIP
865,357.7,167,619,21.6,18.68,309415,0.412,VoIP
138,167.7,125,206,19.97,2.76,23140,0.461,VoIP
154,189.1,142,217,20.85,3.21,29117,0.456,VoIP
1577,143.3,127,184,18.6,29.34,226016,0.43,VoIP
332,350.5,137,511,41.14,13.66,116371,0.523,VoIP
290,210.9,144,262,18.98,5.51,61148,0.578,VoIP
2543,174.7,127,208,22.36,56.85,444282,0.555,VoIP
934,207.9,172,275,20.9,19.52,194151,0.534,VoIP
670,206.2,154,276,18.6,12.46,138139,0.518,VoIP
74,158.1,112,212,19.35,1.43,11701,0.511,VoIP
2213,160.4,108,214,20.85,46.13,354946,0.475,VoIP
1452,187.2,131,233,22.4,32.54,271835,0.497,VoIP
616,125.1,98,169,19.1,11.76,77059,0.53,VoIP
1971,133.8,92,152,22.23,43.81,263678,0.561,VoIP
2212,248.2,138,382,14.68,32.46,549087,0.509,VoIP
1095,127.8,91,165,16.71,18.29,139932,0.531,VoIP
771,182.1,123,240,17.46,13.46,140417,0.504,VoIP
364,204.7,154,269,19.16,6.97,74512,0.643,VoIP
69,134.2,100,174,16.83,1.16,9257,0.469,VoIP
705,186.4,135,242,18.4,12.98,131428,0.624,VoIP
6000,187.6,145,236,19.57,117.4,1125737,0.555,VoIP
2218,140.2,100,155,21.57,47.83,311059,0.414,VoIP
390,162.6,133,213,22.01,8.58,63406,0.58,VoIP
3880,164.0,113,230,20.6,79.94,636373,0.56,VoIP
133,169.5,150,199,20.39,2.71,22539,0.438,VoIP
4623,204.3,180,248,21.24,98.2,944515,0.608,VoIP
4942,168.1,136,211,21.52,106.34,830711,0.478,VoIP
5439,163.0,128,195,19.16,104.24,886539,0.403,VoIP
457,176.3,126,245,21.08,9.63,80547,0.536,VoIP
4103,204.9,145,247,21.21,87.01,840588,0.488,VoIP
77,242.1,184,325,20.36,1.56,18644,0.539,VoIP
4497,226.1,158,253,20.36,91.57,1016814,0.511,VoIP
162,163.0,137,222,18.98,3.08,26413,0.531,VoIP
5153,144.8,101,203,18.13,93.43,746147,0.437,VoIP
171,347.4,157,671,22.13,3.79,59411,0.374,VoIP
3337,188.1,155,221,25.37,84.68,627822,0.502,VoIP
4477,167.3,116,230,21.2,94.93,749010,0.531,VoIP
67,167.8,146,187,18.34,1.23,11244,0.418,VoIP
415,168.3,138,205,19.3,8.01,69831,0.472,VoIP
2463,144.9,120,174,18.32,45.12,356843,0.482,VoIP
902,346.2,180,532,12.0,10.82,312255,0.546,VoIP
5976,227.0,178,291,19.9,118.93,1356648,0.493,VoIP
2111,456.1,315,545,14.7,31.04,962808,0.335,VoIP
689,128.3,111,176,16.57,11.41,88399,0.572,VoIP
3967,183.5,154,250,19.57,77.64,728048,0.501,VoIP
2642,190.5,146,211,20.2,53.37,503325,0.531,VoIP
1626,180.7,153,246,15.7,25.53,293749,0.548,VoIP
1076,171.1,129,194,19.52,21.0,184083,0.509,VoIP
6309,244.0,195,292,18.44,116.31,1539304,0.502,VoIP
1207,157.9,135,207,18.03,21.76,190552,0.493,VoIP
992,254.0,162,350,53.58,53.14,251957,0.437,VoIP
110,210.8,160,238,17.49,1.93,23185,0.504,VoIP
3009,214.0,170,285,19.92,59.95,643781,0.433,VoIP
114,171.6,135,202,23.99,2.72,19566,0.456,VoIP
3089,219.9,170,277,21.68,66.97,679203,0.579,VoIP
289,329.3,145,498,86.53,24.99,95166,0.419,VoIP
3266,136.4,97,183,17.88,58.39,445591,0.519,VoIP
1602,125.7,93,154,18.25,29.23,201431,0.413,VoIP
825,675.6,520,841,12.1,9.98,557410,0.349,VoIP
3854,180.9,147,222,22.23,85.65,697330,0.523,VoIP
839,132.5,90,156,18.89,15.84,111192,0.482,VoIP
5262,163.4,122,193,22.18,116.7,859602,0.541,VoIP
120,183.8,122,250,22.74,2.72,22054,0.49,VoIP
120,199.2,141,265,24.04,2.87,23902,0.568,VoIP
4909,177.3,152,196,21.19,104.02,870550,0.486,VoIP
1187,189.6,150,244,22.43,26.61,225020,0.472,VoIP
4682,218.6,187,269,22.01,103.05,1023643,0.509,VoIP
1313,438.4,184,688,27.85,36.57,575660,0.423,VoIP
93,143.2,128,177,19.7,1.82,13320,0.386,VoIP
225,212.9,170,282,20.01,4.51,47913,0.453,VoIP
877,153.1,131,177,22.69,19.89,134247,0.488,VoIP
5141,165.9,141,194,19.06,97.98,852781,0.667,VoIP
190,199.7,155,236,15.93,3.03,37942,0.47,VoIP
330,166.3,149,194,21.27,7.02,54867,0.507,VoIP
2884,486.8,246,558,14.85,42.83,1404070,0.314,VoIP
1118,243.3,211,313,21.64,24.19,272017,0.49,VoIP
615,122.9,92,165,17.83,10.96,75565,0.483,VoIP
5397,176.2,132,213,18.88,101.86,951176,0.454,VoIP
978,173.3,127,220,19.74,19.31,169527,0.511,VoIP
1879,158.8,110,219,22.9,43.03,298421,0.5,VoIP
3734,111.0,99,147,19.35,72.24,414649,0.466,VoIP
1680,222.4,191,297,20.86,35.03,373655,0.462,VoIP
278,155.3,108,194,19.86,5.53,43182,0.444,VoIP
1740,186.0,126,206,23.48,40.85,323657,0.478,VoIP
1647,165.1,139,189,16.66,27.45,271929,0.576,VoIP
2065,390.6,254,542,23.37,48.26,806563,0.563,VoIP
2633,196.6,155,220,21.01,55.34,517621,0.564,VoIP
5465,223.1,153,309,21.78,119.02,1219481,0.6,VoIP
662,147.0,126,171,69.96,46.3,97329,0.519,VoIP
1329,232.4,205,270,19.96,26.52,308899,0.544,VoIP
174,216.9,182,268,21.42,3.72,37740,0.492,VoIP
5262,184.0,157,255,17.32,91.12,968460,0.457,VoIP
1926,226.9,200,290,20.41,39.32,436918,0.475,VoIP
4022,137.0,108,177,24.56,98.78,551111,0.486,VoIP
3614,145.1,103,180,19.87,71.82,524238,0.443,VoIP
6137,229.6,197,267,19.27,118.25,1408966,0.432,VoIP
1895,152.1,125,174,19.36,36.69,288321,0.424,VoIP
183,220.1,178,254,16.72,3.06,40281,0.535,VoIP
1974,169.6,120,234,16.46,32.49,334697,0.478,VoIP
944,230.9,206,288,21.7,20.47,217965,0.583,VoIP
6344,155.4,105,213,20.99,133.2,986089,0.464,VoIP
1523,166.3,147,231,18.24,27.79,253343,0.462,VoIP
1218,224.2,188,266,19.68,23.96,273096,0.532,VoIP
278,344.3,195,498,26.37,7.34,95727,0.495,VoIP
89,198.2,132,233,24.01,2.14,17637,0.548,VoIP
1596,159.9,133,190,20.07,32.03,255273,0.555,VoIP
4677,110.7,93,153,21.18,99.05,517651,0.466,VoIP
4118,192.0,127,254,20.7,85.25,790733,0.382,VoIP
3262,136.2,102,166,20.99,68.46,444131,0.491,VoIP
221,147.6,98,206,24.46,5.41,32627,0.546,VoIP
5298,139.2,94,166,22.89,121.28,737511,0.477,VoIP
1045,155.1,137,187,20.61,21.53,162039,0.5,VoIP
1446,188.5,144,252,21.33,30.84,272630,0.545,VoIP
3194,195.1,144,227,16.78,53.58,623204,0.503,VoIP
1236,717.3,353,1076,13.06,16.14,886586,0.509,VoIP
5758,171.4,143,197,17.89,103.01,987004,0.446,VoIP
4864,225.5,151,268,20.22,98.35,1096752,0.434,VoIP
3558,130.2,114,161,22.22,79.06,463243,0.499,VoIP
3730,188.4,125,235,22.36,83.4,702591,0.411,VoIP
5932,194.6,153,225,19.96,118.41,1154163,0.428,VoIP
2079,130.0,111,168,19.63,40.8,270290,0.465,VoIP
1654,198.1,164,233,22.57,37.32,327735,0.539,VoIP
3303,244.7,169,292,20.26,66.92,808193,0.473,VoIP
1689,150.8,111,185,19.26,32.54,254729,0.456,VoIP
577,149.2,122,173,22.2,12.8,86072,0.499,VoIP
3072,219.9,173,247,18.86,57.94,675596,0.496,VoIP
56,153.7,115,214,21.74,1.21,8608,0.578,VoIP
3871,210.1,157,281,19.62,75.93,813176,0.416,VoIP
2772,146.3,125,198,19.83,54.96,405457,0.452,VoIP
2814,239.3,140,359,32.83,92.39,673429,0.471,VoIP
1740,251.7,212,312,18.79,32.7,437938,0.461,VoIP
6461,602.5,425,662,7.66,49.49,3892704,0.299,VoIP
17,106.9,99,124,159.5,2.76,1817,0.515,VoIP
3078,159.3,119,177,19.91,61.3,490393,0.51,VoIP
1991,157.9,110,204,19.68,39.18,314281,0.537,VoIP
2581,188.6,130,226,23.14,59.73,486847,0.457,VoIP
2012,179.4,138,250,16.5,33.2,360956,0.501,VoIP
180,176.4,157,215,23.72,4.28,31756,0.494,VoIP
126,184.3,139,215,21.12,2.65,23228,0.501,VoIP
549,215.3,155,302,22.42,12.31,118224,0.509,VoIP
908,349.2,235,443,16.55,15.03,317057,0.538,VoIP
2214,192.6,136,261,20.28,44.91,426495,0.417,VoIP
281,256.6,228,342,19.39,5.45,72114,0.478,VoIP
144,186.0,126,220,19.93,2.87,26779,0.488,VoIP
433,140.9,97,166,19.92,8.63,60990,0.542,VoIP
432,200.4,174,255,18.86,8.14,86564,0.474,VoIP
3444,207.2,176,249,17.41,59.94,713682,0.569,VoIP
117,206.8,180,286,18.62,2.18,24196,0.557,VoIP
646,133.8,98,161,19.22,12.41,86453,0.452,VoIP
2505,164.3,145,199,16.79,42.04,411507,0.495,VoIP
837,158.6,119,221,20.85,17.45,132783,0.57,VoIP
1215,156.1,111,196,18.51,22.5,189703,0.475,VoIP
90,199.0,136,258,16.37,1.47,17909,0.504,VoIP
57,214.7,155,276,17.89,1.02,12239,0.526,VoIP
2892,229.4,181,275,22.93,66.32,663337,0.467,VoIP
72,162.4,139,216,19.36,1.39,11696,0.49,VoIP
3938,249.7,193,319,19.26,75.83,983438,0.497,VoIP
1617,183.3,161,242,21.83,35.3,296339,0.439,VoIP
1644,154.5,117,190,18.24,30.0,254069,0.547,VoIP
125,174.0,145,214,22.28,2.79,21745,0.427,VoIP
1109,148.1,107,201,21.43,23.76,164188,0.637,VoIP
403,763.7,280,1155,20.2,8.14,307789,0.561,VoIP
1907,183.5,145,232,23.76,45.32,349869,0.475,VoIP
5100,150.3,108,169,20.92,106.67,766580,0.407,VoIP
2971,138.7,101,171,22.0,65.35,412051,0.508,VoIP
178,191.4,144,249,17.21,3.06,34072,0.477,VoIP
1762,242.2,204,320,19.52,34.4,426778,0.396,VoIP
1011,181.7,154,221,22.53,22.78,183729,0.459,VoIP
356,170.1,137,193,119.38,42.51,60561,0.459,VoIP
3321,116.8,86,145,18.67,61.99,387847,0.537,VoIP
1471,147.1,111,179,19.51,28.7,216445,0.438,VoIP
4175,196.5,176,273,20.42,85.27,820461,0.518,VoIP
766,184.7,148,257,18.21,13.95,141461,0.399,VoIP
1705,170.6,133,190,23.46,39.99,290910,0.442,VoIP
5418,150.5,134,191,19.24,104.22,815157,0.594,VoIP
214,134.3,125,147,146.6,31.34,28744,0.494,VoIP
3775,148.9,132,171,21.51,81.21,562263,0.479,VoIP
2144,184.5,156,251,21.17,45.39,395583,0.442,VoIP
333,174.8,146,197,20.12,6.7,58205,0.536,VoIP
4561,213.7,161,291,21.04,95.94,974700,0.488,VoIP
4115,196.8,154,272,21.39,87.99,809657,0.528,VoIP
340,148.2,100,167,20.28,6.9,50403,0.473,VoIP
4776,183.2,149,246,19.03,90.89,874824,0.598,VoIP
6068,217.1,174,296,18.53,112.41,1317563,0.478,VoIP
139,175.9,137,241,20.01,2.78,24450,0.538,VoIP
1190,224.0,200,284,17.44,20.76,266528,0.484,VoIP
496,138.4,114,176,20.35,10.1,68660,0.611,VoIP
135,166.5,118,202,18.58,2.52,22480,0.459,VoIP
193,216.2,147,284,18.91,3.64,41735,0.575,VoIP
680,223.6,145,257,20.93,14.23,152030,0.52,VoIP
1172,158.2,117,191,17.69,20.74,185448,0.455,VoIP
6867,206.8,142,264,16.97,116.52,1420190,0.586,VoIP
56,131.1,107,173,20.11,1.12,7342,0.406,VoIP
1233,717.9,327,1348,35.9,44.27,885163,0.371,VoIP
2077,179.2,159,240,23.23,48.27,372242,0.52,VoIP
1080,135.2,107,182,19.79,21.36,146061,0.466,VoIP
1154,158.5,126,181,18.77,21.66,182898,0.413,VoIP
1654,132.1,109,162,18.2,30.11,218497,0.491,VoIP
4512,214.2,186,244,22.03,99.39,966423,0.42,VoIP
2930,250.3,201,346,18.93,55.46,733363,0.537,VoIP
801,219.5,168,286,22.73,18.22,175855,0.59,VoIP
587,167.0,125,218,17.09,10.03,98033,0.52,VoIP
291,176.9,148,196,19.05,5.54,51490,0.518,VoIP
135,204.3,144,234,20.45,2.76,27584,0.511,VoIP
735,200.5,167,254,19.55,14.36,147390,0.462,VoIP
4646,186.5,134,246,20.6,95.72,866656,0.616,VoIP
752,165.6,123,222,19.45,14.62,124544,0.476,VoIP
3542,633.5,283,1231,13.34,47.24,2243964,0.265,VoIP
5574,164.1,128,209,19.22,107.14,914713,0.488,VoIP
1774,208.4,136,274,19.82,35.16,369787,0.48,VoIP
2515,173.5,128,239,23.76,59.77,436324,0.493,VoIP
263,204.5,170,262,20.37,5.35,53789,0.422,VoIP
5195,198.9,138,262,19.07,99.09,1033261,0.442,VoIP
4922,144.7,102,173,20.08,98.85,712231,0.494,VoIP
589,205.9,180,251,23.18,13.65,121250,0.508,VoIP
688,192.6,164,267,19.37,13.32,132517,0.45,VoIP
948,213.7,174,257,17.71,16.79,202585,0.436,VoIP
96,175.1,125,233,21.11,2.03,16805,0.543,VoIP
115,136.3,98,185,18.56,2.14,15671,0.47,VoIP
108,148.1,96,206,20.13,2.16,15992,0.627,VoIP
10579,648.9,269,788,12.21,129.18,6864517,0.315,VoIP
669,146.5,111,192,20.24,13.53,98000,0.468,VoIP
135,394.2,162,503,22.75,3.07,53216,0.701,VoIP
6268,196.2,143,228,19.53,122.42,1229839,0.413,VoIP
553,136.5,110,164,17.63,9.75,75493,0.576,VoIP
509,216.7,165,256,19.88,10.12,110290,0.525,VoIP
3273,138.9,113,163,18.91,61.9,454576,0.412,VoIP
73,200.9,156,254,20.28,1.47,14669,0.498,VoIP
880,213.5,169,258,24.53,21.58,187923,0.495,VoIP
557,162.0,132,191,20.92,11.65,90220,0.415,VoIP
291,244.2,201,274,20.31,5.91,71048,0.518,VoIP
226,227.0,156,285,19.82,4.49,51307,0.498,VoIP
3057,146.4,119,198,21.47,65.62,447666,0.523,VoIP
1381,195.1,173,234,18.95,26.18,269368,0.434,VoIP
3667,159.0,130,191,19.82,72.67,583126,0.485,VoIP
3598,232.3,208,320,20.17,72.56,835950,0.521,VoIP
5059,163.9,129,194,22.22,112.43,829302,0.553,VoIP
4155,144.1,127,195,18.54,77.01,598602,0.52,VoIP
1489,165.7,127,185,16.16,24.06,246672,0.549,VoIP
1147,169.8,130,192,22.05,25.28,194810,0.395,VoIP
2151,157.5,129,174,16.99,36.55,338744,0.495,VoIP
189,243.6,96,346,114.75,21.68,46040,0.494,VoIP
6378,201.4,159,249,17.87,113.95,1284710,0.462,VoIP
4143,255.1,176,324,21.07,87.29,1057040,0.42,VoIP
4350,157.7,126,214,21.28,92.56,685870,0.482,VoIP
1981,201.0,132,264,20.67,40.94,398187,0.54,VoIP
4466,178.9,156,218,23.01,102.77,799010,0.543,VoIP
1414,126.0,91,169,18.41,26.04,178228,0.529,VoIP
983,647.4,326,1040,21.12,20.77,636387,0.56,VoIP
329,225.2,154,281,18.87,6.2,74085,0.535,VoIP
4091,165.4,145,220,23.65,96.78,676843,0.482,VoIP
9863,579.0,462,715,10.81,106.59,5711064,0.331,VoIP
89,143.0,105,172,21.51,1.92,12730,0.488,VoIP
73,223.7,154,291,21.16,1.55,16327,0.52,VoIP
898,186.1,129,217,19.33,17.36,167105,0.476,VoIP
64,122.9,103,167,21.87,1.4,7866,0.499,VoIP
209,154.3,103,211,22.66,4.74,32245,0.467,VoIP
2200,191.7,134,262,21.19,46.62,421780,0.463,VoIP
433,173.5,141,241,21.28,9.22,75144,0.467,VoIP
184,184.7,146,253,21.12,3.88,33977,0.467,VoIP
4496,191.8,125,255,22.02,99.01,862508,0.509,VoIP
2489,171.1,118,230,22.92,57.04,425978,0.524,VoIP
5727,200.6,167,265,21.52,123.24,1148765,0.458,VoIP
261,891.4,436,1002,10.61,2.77,232653,0.201,VoIP
983,213.5,158,296,18.2,17.89,209899,0.512,VoIP
880,189.0,126,221,19.81,17.43,166354,0.431,VoIP
201,171.4,126,222,17.88,3.59,34451,0.495,VoIP
237,131.0,87,176,20.82,4.94,31036,0.527,VoIP
55,180.2,151,209,110.4,6.06,9911,0.565,VoIP
167,132.5,97,172,19.13,3.19,22119,0.508,VoIP
847,167.5,141,225,18.79,15.92,141899,0.534,VoIP
2062,208.5,155,259,21.5,44.33,430017,0.493,VoIP
2281,115.7,83,159,21.51,49.08,263871,0.483,VoIP
96,145.5,111,201,18.81,1.8,13965,0.504,VoIP
4591,227.1,158,310,19.64,90.19,1042813,0.485,VoIP
434,157.0,115,193,22.81,9.91,68121,0.513,VoIP
827,170.3,140,201,53.02,43.84,140861,0.459,VoIP
2776,158.7,104,220,18.75,52.04,440415,0.548,VoIP
111,488.7,238,688,15.96,1.77,54242,0.31,VoIP
156,345.2,204,465,25.81,4.02,53849,0.39,VoIP
107,197.7,151,229,18.94,2.03,21155,0.549,VoIP
1810,119.7,94,135,19.07,34.52,216733,0.519,VoIP
1593,226.8,152,285,20.11,32.05,361243,0.514,VoIP
53,591.2,99,1171,199.67,10.6,31332,0.569,WhatsApp
59,444.1,145,1090,186.08,11.02,26200,0.484,WhatsApp
95,631.1,223,1195,150.31,14.27,59950,0.456,WhatsApp
11,256.0,55,464,197.38,2.07,2816,0.445,WhatsApp
50,653.0,208,1366,332.65,16.63,32649,0.333,WhatsApp
109,398.2,86,962,396.18,43.04,43403,0.334,WhatsApp
33,329.5,91,808,256.22,8.36,10872,0.587,WhatsApp
96,592.0,173,1191,366.18,35.17,56833,0.513,WhatsApp
69,683.7,148,1156,92.32,6.34,47173,0.446,WhatsApp
5477,971.8,528,1278,10.51,57.54,5322311,0.248,WhatsApp
543,585.5,79,1259,19.66,10.68,317916,0.298,WhatsApp
86,262.7,64,590,119.02,10.28,22589,0.516,WhatsApp
22,437.0,100,687,85.83,1.87,9613,0.462,WhatsApp
444,745.3,155,1500,46.23,20.55,330918,0.279,WhatsApp
5,317.1,63,584,357.81,1.13,1586,0.275,WhatsApp
401,673.0,221,1500,146.22,58.59,269876,0.591,WhatsApp
21,591.0,205,912,199.33,4.28,12411,0.655,WhatsApp
134,282.9,97,706,379.9,50.79,37906,0.324,WhatsApp
43,475.7,108,938,223.67,9.64,20455,0.522,WhatsApp
1900,1231.7,381,1500,53.96,102.49,2340149,0.28,WhatsApp
23,629.7,103,988,359.25,8.11,14483,0.606,WhatsApp
15,263.1,57,645,86.33,1.32,3947,0.461,WhatsApp
167,255.0,81,507,350.77,58.73,42587,0.489,WhatsApp
128,395.3,130,640,231.05,29.68,50604,0.355,WhatsApp
459,690.9,237,1363,47.63,21.88,317105,0.431,WhatsApp
123,302.3,93,587,325.23,40.09,37184,0.521,WhatsApp
237,214.1,40,402,163.52,38.78,50745,0.452,WhatsApp
25,314.6,125,633,295.79,7.35,7864,0.464,WhatsApp
58,254.6,82,612,103.92,6.04,14768,0.403,WhatsApp
807,927.6,461,1500,13.54,10.93,748607,0.152,WhatsApp
106,594.4,93,996,182.61,19.3,63007,0.418,WhatsApp
839,439.3,116,764,48.35,40.57,368572,0.404,WhatsApp
35,663.9,217,1351,123.66,4.32,23236,0.489,WhatsApp
17,445.2,127,944,335.5,5.71,7569,0.588,WhatsApp
24,465.6,172,839,222.71,5.44,11175,0.58,WhatsApp
29,633.9,145,1100,272.0,7.85,18382,0.409,WhatsApp
79,476.7,184,730,325.59,25.81,37660,0.341,WhatsApp
128,529.3,211,1152,139.37,17.84,67749,0.391,WhatsApp
27,620.4,124,1248,51.17,1.36,16749,0.317,WhatsApp
57,606.3,125,1217,347.59,19.85,34561,0.615,WhatsApp
46,294.2,93,559,330.07,15.29,13533,0.382,WhatsApp
76,584.1,107,1054,124.28,9.48,44393,0.313,WhatsApp
28,485.7,85,782,108.01,3.06,13599,0.632,WhatsApp
10,419.0,131,918,122.1,1.17,4190,0.507,WhatsApp
82,698.6,198,1500,298.77,24.36,57284,0.341,WhatsApp
490,505.5,144,801,102.32,50.1,247698,0.494,WhatsApp
99,413.4,60,851,65.71,6.5,40929,0.304,WhatsApp
432,483.1,144,1048,125.05,53.98,208706,0.584,WhatsApp
111,394.3,149,761,187.05,20.73,43771,0.374,WhatsApp
43,342.2,98,700,280.14,12.03,14713,0.456,WhatsApp
69,625.3,196,1086,196.69,13.65,43148,0.423,WhatsApp
27,276.0,107,537,298.31,8.13,7452,0.35,WhatsApp
70,440.6,67,690,371.43,26.03,30842,0.436,WhatsApp
23,334.0,74,717,258.59,5.83,7682,0.414,WhatsApp
188,391.8,66,818,259.14,48.78,73661,0.411,WhatsApp
9,237.1,84,401,139.85,1.21,2134,0.554,WhatsApp
5,572.3,166,1190,299.77,1.07,2862,0.461,WhatsApp
110,465.8,154,1009,228.15,25.07,51235,0.445,WhatsApp
1162,336.4,173,624,57.37,66.66,390933,0.482,WhatsApp
71,627.2,231,996,112.18,7.92,44533,0.516,WhatsApp
30,342.5,111,596,332.23,10.11,10275,0.475,WhatsApp
166,522.7,158,975,263.85,43.69,86767,0.399,WhatsApp
26,249.7,85,445,307.3,7.95,6493,0.419,WhatsApp
6,596.8,107,1319,257.29,1.64,3581,0.41,WhatsApp
137,380.5,80,825,379.59,52.03,52129,0.429,WhatsApp
38,359.4,117,812,117.64,4.43,13657,0.518,WhatsApp
75,548.1,137,1362,102.17,7.65,41106,0.618,WhatsApp
7,267.2,91,465,283.04,1.92,1870,0.343,WhatsApp
205,322.5,103,494,121.67,24.97,66109,0.263,WhatsApp
61,425.8,73,1027,218.79,13.36,25973,0.337,WhatsApp
167,607.0,135,1127,74.42,12.42,101365,0.277,WhatsApp
26,603.7,175,1373,311.75,8.15,15696,0.311,WhatsApp
352,543.4,151,1142,93.89,33.05,191273,0.393,WhatsApp
170,525.2,206,792,202.25,34.43,89286,0.345,WhatsApp
42,573.5,184,1089,344.24,14.63,24087,0.405,WhatsApp
14,359.4,119,737,254.96,3.44,5032,0.329,WhatsApp
117,723.5,239,1450,210.23,24.51,84649,0.533,WhatsApp
468,453.1,161,944,90.23,42.2,212061,0.392,WhatsApp
344,645.2,202,1203,137.57,47.29,221957,0.464,WhatsApp
82,496.9,96,970,149.3,12.26,40745,0.305,WhatsApp
463,622.0,129,967,80.34,37.18,287976,0.598,WhatsApp
7,199.6,40,360,177.05,1.18,1397,0.338,WhatsApp
69,600.6,100,1100,213.79,14.82,41438,0.403,WhatsApp
46,410.8,130,859,103.61,4.76,18898,0.329,WhatsApp
12,614.9,194,1363,177.76,2.2,7379,0.525,WhatsApp
34,354.7,173,691,121.32,4.1,12061,0.51,WhatsApp
117,1099.0,743,1345,9.97,1.17,128582,0.118,WhatsApp
127,258.5,96,512,77.08,9.77,32832,0.459,WhatsApp
16,429.7,152,691,182.86,2.91,6876,0.458,WhatsApp
112,662.0,119,1301,126.81,14.24,74148,0.266,WhatsApp
306,202.6,56,498,180.01,55.06,61993,0.625,WhatsApp
494,497.3,161,1237,118.36,58.49,245677,0.491,WhatsApp
51,467.1,108,1057,188.14,9.66,23821,0.378,WhatsApp
235,573.4,86,1029,168.89,39.77,134746,0.279,WhatsApp
227,362.4,115,575,51.86,11.77,82268,0.534,WhatsApp
252,431.8,146,718,173.76,43.87,108815,0.553,WhatsApp
704,412.1,134,647,57.0,40.15,290152,0.563,WhatsApp
148,503.0,126,965,269.15,39.87,74450,0.563,WhatsApp
246,663.6,213,1092,211.11,51.88,163237,0.531,WhatsApp
54,497.9,112,1137,120.18,6.46,26885,0.573,WhatsApp
187,525.5,153,1005,170.88,31.98,98274,0.512,WhatsApp
23,421.7,131,702,95.0,2.17,9698,0.502,WhatsApp
270,409.3,127,772,51.09,13.79,110511,0.553,WhatsApp
58,678.2,196,1464,395.98,22.79,39334,0.474,WhatsApp
33,234.2,40,415,315.32,10.51,7727,0.641,WhatsApp
184,712.7,150,1281,46.12,8.49,131146,0.505,WhatsApp
113,629.2,218,1228,114.74,12.92,71100,0.488,WhatsApp
435,612.7,197,1326,105.85,46.04,266525,0.45,WhatsApp
251,236.6,87,504,128.47,32.22,59396,0.388,WhatsApp
12,232.6,86,578,228.45,2.78,2791,0.418,WhatsApp
137,466.1,163,1145,155.52,21.31,63862,0.575,WhatsApp
22,386.8,61,793,247.58,5.45,8509,0.36,WhatsApp
38,533.7,166,895,215.73,8.12,20282,0.389,WhatsApp
7,629.8,105,1101,163.11,1.08,4409,0.33,WhatsApp
364,700.3,161,1500,159.4,58.09,254922,0.39,WhatsApp
121,706.1,174,1361,241.58,29.32,85442,0.359,WhatsApp
146,422.6,161,1014,239.29,34.99,61696,0.412,WhatsApp
101,591.5,140,1259,60.71,6.13,59744,0.484,WhatsApp
46,357.0,169,663,382.66,17.63,16423,0.378,WhatsApp
11,390.1,148,755,296.09,3.26,4291,0.388,WhatsApp
125,654.0,193,992,309.48,38.54,81747,0.35,WhatsApp
104,646.6,169,1304,237.46,24.76,67242,0.607,WhatsApp
24,290.4,111,493,255.24,6.07,6971,0.383,WhatsApp
411,639.8,119,995,131.41,54.0,262971,0.361,WhatsApp
108,609.3,126,1250,371.43,40.11,65802,0.358,WhatsApp
119,250.5,95,599,77.16,9.2,29808,0.549,WhatsApp
146,355.3,128,872,370.14,53.88,51873,0.496,WhatsApp
25,631.7,223,1500,351.73,8.65,15791,0.505,WhatsApp
160,787.7,191,1223,86.24,13.77,126039,0.489,WhatsApp
400,702.5,120,1500,50.43,20.16,280987,0.284,WhatsApp
97,263.0,45,569,344.42,33.31,25515,0.48,WhatsApp
443,850.3,396,1393,43.89,19.44,376687,0.401,WhatsApp
164,403.8,108,926,115.71,19.02,66231,0.482,WhatsApp
69,690.8,211,1267,232.41,16.13,47662,0.474,WhatsApp
43,158.3,111,216,559.06,23.94,6808,0.463,WhatsApp
184,229.1,84,380,120.73,22.24,42147,0.515,WhatsApp
511,367.0,101,566,123.63,63.19,187537,0.499,WhatsApp
65,437.5,162,1025,402.57,26.22,28438,0.352,WhatsApp
4269,924.2,218,1500,19.86,84.81,3945293,0.21,WhatsApp
575,444.0,80,687,104.16,59.91,255313,0.513,WhatsApp
151,367.5,92,606,272.73,41.2,55492,0.641,WhatsApp
6,544.8,211,1052,169.5,1.06,3269,0.43,WhatsApp
111,456.3,94,816,154.22,17.09,50653,0.434,WhatsApp
189,711.3,256,1500,134.16,25.42,134431,0.591,WhatsApp
168,216.5,80,474,187.42,31.53,36380,0.65,WhatsApp
115,542.4,190,860,171.97,19.8,62373,0.505,WhatsApp
10,694.5,125,1500,459.6,4.52,6945,0.651,WhatsApp
1086,271.5,46,485,49.18,53.44,294828,0.591,WhatsApp
136,451.4,131,924,75.81,10.34,61389,0.39,WhatsApp
51,584.3,175,1071,242.89,12.5,29800,0.441,WhatsApp
693,512.1,108,871,34.13,23.64,354870,0.262,WhatsApp
120,254.0,77,398,264.59,31.77,30480,0.532,WhatsApp
24,218.0,160,307,722.01,17.64,5232,0.473,WhatsApp
18,230.2,61,373,148.59,2.75,4143,0.402,WhatsApp
142,264.3,95,422,107.87,15.35,37536,0.341,WhatsApp
64,640.3,188,1023,300.67,19.19,40978,0.442,WhatsApp
26,389.2,97,763,220.51,5.77,10119,0.608,WhatsApp
78,678.7,198,1043,307.53,23.84,52936,0.484,WhatsApp
25,354.0,129,601,260.91,6.57,8851,0.567,WhatsApp
68,494.7,179,1078,210.44,14.21,33638,0.471,WhatsApp
69,457.9,103,777,116.11,8.06,31593,0.282,WhatsApp
111,405.4,70,807,139.66,15.45,45003,0.504,WhatsApp
75,786.8,125,1324,135.74,10.14,59010,0.364,WhatsApp
10,495.4,191,1093,115.52,1.12,4954,0.664,WhatsApp
6,344.3,75,589,249.49,1.43,2066,0.274,WhatsApp
90,494.2,87,1098,259.35,23.32,44480,0.57,WhatsApp
125,489.8,134,991,127.74,15.98,61220,0.697,WhatsApp
546,533.9,193,1171,109.73,59.93,291522,0.447,WhatsApp
64,396.9,140,932,330.55,21.23,25404,0.334,WhatsApp
276,474.5,86,1142,158.36,43.66,130970,0.311,WhatsApp
47,421.4,88,815,291.14,13.71,19806,0.524,WhatsApp
95,262.0,91,538,335.69,31.73,24885,0.415,WhatsApp
152,294.7,83,651,146.83,22.34,44794,0.549,WhatsApp
25,305.3,74,556,386.58,9.78,7633,0.332,WhatsApp
202,262.0,92,583,110.31,22.33,52931,0.319,WhatsApp
139,622.4,217,1481,222.11,30.89,86519,0.33,WhatsApp
94,179.6,65,344,84.77,7.97,16884,0.444,WhatsApp
273,641.5,122,1484,222.95,60.81,175120,0.451,WhatsApp
143,314.5,73,707,143.76,20.6,44979,0.422,WhatsApp
63,324.2,70,796,265.72,16.68,20425,0.614,WhatsApp
47,206.9,64,468,350.89,16.64,9725,0.431,WhatsApp
96,594.2,138,1396,48.02,4.63,57039,0.516,WhatsApp
402,616.4,127,950,145.76,58.57,247810,0.465,WhatsApp
7,285.3,61,614,331.49,2.46,1997,0.376,WhatsApp
12,645.7,244,1146,138.15,1.65,7749,0.297,WhatsApp
69,438.9,74,886,286.2,19.68,30284,0.591,WhatsApp
34,651.5,234,1226,126.4,4.24,22152,0.499,WhatsApp
188,718.7,197,1500,190.98,35.92,135115,0.481,WhatsApp
5,571.3,91,1326,197.42,1.01,2856,0.555,WhatsApp
20,554.1,161,1277,248.43,5.02,11081,0.37,WhatsApp
58,270.0,100,639,139.67,8.05,15662,0.399,WhatsApp
488,711.3,240,1257,84.99,41.47,347102,0.411,WhatsApp
456,518.7,199,1235,113.9,51.99,236520,0.54,WhatsApp
975,271.1,127,474,33.34,32.52,264285,0.559,WhatsApp
72,427.3,80,750,190.86,13.78,30763,0.707,WhatsApp
208,342.0,125,663,211.65,44.0,71142,0.369,WhatsApp
458,667.1,119,1373,126.16,57.78,305514,0.437,WhatsApp
11,302.5,78,525,182.99,1.98,3328,0.328,WhatsApp
626,575.7,185,1227,77.04,48.26,360396,0.318,WhatsApp
904,278.6,160,438,45.58,41.22,251841,0.449,WhatsApp
65,669.7,165,1368,57.77,3.73,43532,0.306,WhatsApp
67,296.8,68,540,61.78,4.17,19883,0.486,WhatsApp
68,396.5,119,813,389.85,26.32,26962,0.477,WhatsApp
184,639.9,134,1500,228.86,42.11,117740,0.454,WhatsApp
125,590.0,175,1277,106.85,13.35,73750,0.495,WhatsApp
59,387.1,122,622,326.2,19.18,22836,0.337,WhatsApp
176,578.1,150,876,253.23,44.49,101750,0.308,WhatsApp
42,715.8,172,1500,167.61,7.08,30062,0.345,WhatsApp
25,400.1,122,884,98.16,2.41,10002,0.678,WhatsApp
69,297.4,79,552,356.67,24.67,20522,0.374,WhatsApp
146,472.4,185,864,182.64,26.65,68965,0.34,WhatsApp
231,647.5,157,1375,172.78,39.92,149570,0.373,WhatsApp
84,528.8,119,961,439.59,36.85,44417,0.377,WhatsApp
192,588.9,125,1405,250.77,48.17,113066,0.485,WhatsApp
63,372.3,124,898,256.36,16.18,23452,0.388,WhatsApp
77,466.7,178,827,306.89,23.77,35938,0.521,WhatsApp
109,508.0,80,823,336.41,36.66,55373,0.493,WhatsApp
182,658.0,198,1051,196.43,35.69,119753,0.311,WhatsApp
19,354.0,68,601,359.91,6.91,6726,0.451,WhatsApp
19,489.8,188,798,252.57,4.88,9307,0.344,WhatsApp
5,402.3,70,845,377.81,1.01,2011,0.537,WhatsApp
105,230.7,78,570,411.87,43.45,24221,0.236,WhatsApp
8,356.5,89,625,213.97,1.66,2852,0.343,WhatsApp
55,519.0,87,1122,68.58,3.8,28546,0.513,WhatsApp
5,301.7,88,491,385.49,2.01,1509,0.371,WhatsApp
142,363.0,79,889,61.8,8.75,51547,0.375,WhatsApp
101,457.9,73,1058,112.37,11.39,46248,0.72,WhatsApp
26,324.8,83,759,102.44,2.62,8444,0.392,WhatsApp
60,330.5,109,511,141.09,8.5,19831,0.529,WhatsApp
231,515.9,156,1130,238.04,54.9,119168,0.634,WhatsApp
40,339.8,63,614,397.87,15.97,13592,0.389,WhatsApp
58,256.3,149,428,466.65,27.1,14863,0.483,WhatsApp
33,574.4,145,1120,407.03,13.37,18957,0.343,WhatsApp
627,470.1,101,1011,49.69,31.13,294771,0.426,WhatsApp
127,293.2,112,558,187.77,23.85,37241,0.513,WhatsApp
250,454.6,166,1084,231.14,57.77,113641,0.597,WhatsApp
71,386.7,94,779,213.95,15.21,27454,0.281,WhatsApp
153,357.8,96,586,112.88,17.22,54739,0.38,WhatsApp
170,338.6,69,632,104.9,17.83,57560,0.427,WhatsApp
30,434.4,88,913,434.58,13.19,13032,0.549,WhatsApp
21,421.2,75,980,347.11,7.42,8845,0.472,WhatsApp
19,373.8,127,826,360.39,6.8,7101,0.602,WhatsApp
466,497.0,89,955,34.15,15.92,231589,0.474,WhatsApp
14,530.6,152,835,360.7,5.2,7429,0.542,WhatsApp
159,237.8,137,356,273.54,43.51,37803,0.639,WhatsApp
20,511.7,142,836,184.99,3.62,10233,0.578,WhatsApp
55,413.3,161,686,219.28,12.05,22731,0.382,WhatsApp
176,357.8,62,832,256.81,45.23,62978,0.407,WhatsApp
33,655.5,257,970,75.44,2.5,21632,0.353,WhatsApp
465,218.2,40,413,117.18,54.51,101451,0.49,WhatsApp
106,189.1,65,429,365.04,38.56,20042,0.54,WhatsApp
45,584.0,204,1042,213.97,9.73,26280,0.316,WhatsApp
119,864.0,436,1458,58.08,6.93,102815,0.404,WhatsApp
57,305.2,49,623,182.01,10.42,17397,0.394,WhatsApp
12,622.2,220,1420,416.61,4.88,7466,0.311,WhatsApp
8,445.9,122,1078,132.36,1.08,3567,0.413,WhatsApp
20,240.2,89,577,381.52,7.79,4804,0.544,WhatsApp
78,326.8,51,768,223.22,17.45,25494,0.504,WhatsApp
68,420.4,166,656,339.89,22.97,28587,0.494,WhatsApp
30,436.8,132,676,101.2,3.0,13105,0.307,WhatsApp
89,489.7,109,913,83.59,7.41,43581,0.658,WhatsApp
231,334.8,59,515,90.91,20.99,77328,0.439,WhatsApp
1301,380.1,149,578,45.16,58.77,494492,0.595,WhatsApp
56,260.4,80,627,319.86,17.84,14584,0.467,WhatsApp
88,508.6,130,1220,394.6,34.68,44761,0.605,WhatsApp
84,641.1,126,1150,297.86,25.13,53851,0.463,WhatsApp
280,266.7,46,414,207.56,58.1,74672,0.347,WhatsApp
6,226.4,69,347,209.05,1.3,1358,0.578,WhatsApp
31,362.9,97,560,311.12,9.55,11249,0.519,WhatsApp
37,688.8,197,1500,278.08,10.21,25486,0.603,WhatsApp
117,397.9,68,984,259.84,30.46,46555,0.329,WhatsApp
39,463.2,136,885,163.81,6.35,18066,0.444,WhatsApp
331,506.1,121,976,86.56,28.66,167522,0.475,WhatsApp
97,574.9,223,1173,183.51,17.79,55766,0.383,WhatsApp
31,386.9,129,813,332.4,10.27,11995,0.41,WhatsApp
169,576.7,157,1130,195.06,33.03,97462,0.338,WhatsApp
28,351.3,61,826,367.68,10.13,9837,0.533,WhatsApp
10,731.9,292,1500,141.98,1.43,7319,0.371,WhatsApp
247,524.1,183,1157,193.24,47.81,129455,0.349,WhatsApp
240,615.0,169,1032,213.73,51.25,147606,0.369,WhatsApp
14,328.8,91,567,123.04,1.72,4603,0.556,WhatsApp
22,475.2,124,1027,126.33,2.82,10453,0.538,WhatsApp
8,314.7,111,777,357.93,2.91,2518,0.296,WhatsApp
569,301.3,179,477,47.84,27.21,171439,0.55,WhatsApp
36,415.6,162,677,309.53,11.14,14960,0.492,WhatsApp
20,225.6,59,367,56.75,1.13,4512,0.345,WhatsApp
80,532.0,183,1174,60.44,4.81,42563,0.395,WhatsApp
316,465.2,144,988,62.91,19.85,147007,0.643,WhatsApp
86,517.3,153,1228,167.44,14.37,44491,0.546,WhatsApp
54,507.8,95,861,181.57,9.79,27419,0.462,WhatsApp
53,270.0,92,464,268.2,14.29,14311,0.383,WhatsApp
94,356.9,63,557,409.45,38.65,33549,0.506,WhatsApp
32,404.4,79,813,264.92,8.58,12940,0.505,WhatsApp
145,573.5,99,1115,350.81,50.98,83151,0.534,WhatsApp
362,622.3,135,1500,94.11,34.11,225262,0.298,WhatsApp
121,528.5,83,1174,333.97,40.43,63945,0.627,WhatsApp
75,433.1,70,829,271.26,20.38,32486,0.326,WhatsApp
29,466.6,186,1105,184.4,5.37,13531,0.416,WhatsApp
116,434.9,67,892,375.62,43.52,50443,0.332,WhatsApp
7,530.1,95,1138,246.59,1.69,3711,0.374,WhatsApp
111,629.4,108,1017,59.21,6.55,69861,0.602,Email
29,617.1,114,1156,44.32,1.31,17897,0.563,Email
233,1249.3,170,1500,6.66,1.55,291090,0.847,Email
276,543.1,69,819,23.14,6.4,149883,0.75,Email
200,702.5,91,1263,23.55,4.71,140497,0.838,Email
77,857.8,86,1271,41.39,3.18,66047,0.824,Email
275,611.2,103,883,23.33,6.42,168072,0.72,Email
61,984.8,168,1500,54.83,3.33,60072,0.794,Email
590,1086.3,127,1500,16.41,9.69,640935,0.687,Email
314,957.7,187,1500,16.98,5.33,300724,0.914,Email
86,559.2,69,811,56.73,4.89,48094,0.809,Email
259,796.0,67,1274,29.46,7.63,206166,0.579,Email
159,798.5,128,1500,51.8,8.25,126957,0.654,Email
313,668.4,61,921,17.51,5.48,209200,0.656,Email
4680,1036.2,573,1292,4.74,22.16,4849297,0.259,Email
37,981.5,110,1500,68.89,2.57,36316,0.872,Email
93,1111.7,143,1500,58.73,5.45,103388,0.712,Email
117,663.4,131,1183,43.94,5.13,77620,0.824,Email
73,611.7,71,1081,30.25,2.2,44655,0.822,Email
80,846.2,125,1122,52.11,4.18,67699,0.901,Email
249,1117.5,212,1500,28.65,7.13,278263,0.636,Email
198,929.0,128,1500,44.14,8.76,183937,0.619,Email
248,629.7,117,1214,32.38,8.03,156155,0.94,Email
46,568.7,84,958,46.25,2.13,26160,0.616,Email
274,778.6,145,1183,25.65,7.02,213327,0.71,Email
57,725.4,98,1221,27.27,1.55,41348,0.791,Email
156,1152.7,108,1500,49.78,7.77,179827,0.627,Email
136,1267.7,125,1500,25.12,3.4,172408,0.548,Email
1082,488.6,52,904,6.5,7.03,528643,0.741,Email
323,677.4,193,1113,53.87,17.4,218808,0.504,Email
24,1069.4,163,1500,46.77,1.11,25665,0.774,Email
69,684.1,70,899,50.24,3.46,47205,0.675,Email
61,617.0,54,977,47.35,2.9,37640,0.711,Email
477,517.1,66,919,5.37,2.56,246665,0.824,Email
111,902.4,119,1500,33.81,3.74,100166,0.886,Email
163,606.8,66,902,47.81,7.77,98905,0.953,Email
53,651.8,116,851,62.6,3.31,34547,0.557,Email
140,993.6,103,1500,44.26,6.19,139107,0.84,Email
88,643.6,100,1242,53.7,4.73,56641,0.598,Email
23,839.7,141,1458,49.64,1.16,19313,0.605,Email
202,620.0,84,825,32.34,6.55,125232,0.683,Email
47,768.8,126,1500,30.26,1.41,36136,0.754,Email
703,882.9,116,1500,9.32,6.54,620698,0.634,Email
133,536.5,51,889,21.85,2.9,71353,0.836,Email
2058,869.8,167,1326,5.36,11.02,1789956,0.672,Email
65,1072.1,187,1500,61.31,4.0,69686,0.56,Email
995,914.7,143,1407,23.8,23.69,910148,0.341,Email
387,1113.4,188,1473,20.54,7.95,430881,0.509,Email
42,710.2,118,1197,27.84,1.17,29830,0.565,Email
47,625.0,80,1147,35.87,1.67,29376,0.302,Email
154,695.9,75,1039,35.01,5.41,107168,0.681,Email
205,1134.4,110,1500,34.04,6.97,232546,0.676,Email
158,515.3,97,1076,64.58,10.19,81412,0.514,Email
637,1006.2,96,1476,12.88,8.2,640953,0.783,Email
160,879.5,82,1500,43.65,6.99,140713,0.653,Email
130,811.9,141,1500,15.78,2.06,105543,0.696,Email
266,1147.6,186,1500,36.16,9.61,305271,0.632,Email
70,894.5,365,1500,117.64,8.21,62618,0.701,Email
152,908.2,75,1430,51.77,7.88,138054,0.818,Email
46,315.6,208,402,209.14,9.61,14519,0.569,Email
272,653.4,80,861,31.17,8.47,177718,0.776,Email
65,1017.7,155,1409,45.98,2.97,66151,0.748,Email
90,672.6,68,1083,57.16,5.13,60530,0.611,Email
1824,537.1,258,812,17.96,32.77,979648,0.74,Email
644,741.9,121,1143,10.19,6.57,477757,0.524,Email
28,890.4,111,1310,39.74,1.1,24930,0.821,Email
128,1164.3,117,1500,35.61,4.56,149025,0.81,Email
229,795.9,102,1452,37.21,8.53,182270,0.768,Email
51,582.4,58,947,22.14,1.13,29703,0.688,Email
711,978.8,191,1500,11.19,7.95,695909,0.673,Email
87,891.3,72,1500,42.55,3.7,77547,0.784,Email
63,564.5,52,917,24.86,1.57,35566,0.818,Email
45,787.8,132,1250,32.75,1.46,35453,0.685,Email
187,1126.3,220,1500,50.96,9.54,210619,0.676,Email
78,1080.6,174,1500,42.07,3.29,84285,0.627,Email
52,620.3,264,757,94.55,4.89,32254,0.698,Email
198,773.1,86,1400,37.29,7.38,153067,0.822,Email
342,815.1,147,1384,26.77,9.17,278775,0.614,Email
59,796.4,156,1496,104.15,6.11,46988,0.491,Email
770,745.7,208,1102,9.54,7.34,574217,0.766,Email
222,891.9,165,1261,28.89,6.4,197996,0.591,Email
38,756.4,112,1037,32.06,1.21,28741,0.892,Email
95,1045.1,143,1500,42.48,4.03,99287,0.636,Email
54,1029.2,101,1500,26.02,1.42,55577,0.6,Email
176,440.9,46,624,52.0,9.15,77591,0.951,Email
35,1236.4,129,1500,49.71,1.75,43274,0.696,Email
64,1288.5,218,1500,22.59,1.45,82466,0.779,Email
237,729.1,127,1223,46.87,11.1,172788,0.706,Email
257,717.3,81,1442,48.13,12.38,184334,0.546,Email
533,1180.8,738,1415,5.11,2.73,629385,0.184,Email
345,491.5,78,860,30.48,10.51,169558,0.813,Email
25,786.4,130,1098,49.57,1.23,19661,0.521,Email
145,972.6,117,1500,6.99,1.02,141029,0.696,Email
184,836.1,93,1500,33.84,6.23,153843,0.342,Email
130,866.6,88,1500,53.72,6.96,112657,0.593,Email
57,714.0,128,1161,64.52,3.69,40697,0.612,Email
413,938.5,92,1500,17.54,7.25,387593,0.521,Email
119,871.9,125,1500,41.59,4.93,103758,0.67,Email
393,731.1,96,1156,21.45,8.42,287326,0.919,Email
129,1091.3,128,1500,42.81,5.5,140777,0.568,Email
59,651.6,86,1280,42.41,2.51,38443,0.712,Email
150,682.5,70,1207,22.74,3.42,102380,0.886,Email
379,1064.8,88,1500,6.72,2.55,403561,0.571,Email
751,458.7,61,839,11.51,8.64,344504,0.656,Email
104,1118.5,95,1500,18.6,1.93,116328,0.671,Email
116,611.9,75,1066,58.72,6.83,70979,0.538,Email
275,847.4,151,1500,29.9,8.22,233044,0.627,Email
178,512.3,71,696,35.11,6.26,91187,0.55,Email
124,1306.1,150,1500,25.94,3.21,161962,0.817,Email
57,906.1,81,1251,42.02,2.39,51648,0.696,Email
34,1104.0,137,1500,43.55,1.47,37537,0.545,Email
47,1214.0,161,1500,26.53,1.25,57059,0.852,Email
115,1101.2,118,1500,49.24,5.67,126642,0.589,Email
124,702.1,123,1252,46.4,5.73,87057,0.883,Email
135,755.4,129,1010,53.14,7.19,101982,0.682,Email
83,973.5,152,1500,42.65,3.56,80798,0.748,Email
95,955.4,108,1340,45.06,4.3,90765,0.668,Email
47,867.3,103,1500,48.59,2.3,40764,0.804,Email
147,639.2,53,1277,48.66,7.18,93958,0.594,Email
82,759.9,115,1204,12.54,1.02,62316,0.836,Email
1144,1249.9,456,1500,6.17,7.06,1429863,0.434,Email
47,368.8,266,472,304.24,14.39,17334,0.649,Email
82,620.7,96,1239,43.72,3.6,50898,0.875,Email
240,841.6,87,1500,28.17,6.75,201984,0.734,Email
3400,873.0,139,1311,4.3,14.62,2968290,0.482,Email
42,834.4,101,1490,47.24,2.0,35045,0.574,Email
144,503.5,118,733,51.9,7.47,72503,0.517,Email
25,1112.9,120,1500,44.75,1.12,27823,0.566,Email
162,821.8,111,1327,57.34,9.29,133125,0.844,Email
26,1130.3,202,1500,48.85,1.26,29389,0.72,Email
94,713.5,139,1055,51.69,4.85,67068,0.763,Email
3912,1023.4,601,1500,7.44,29.1,4003626,0.303,Email
419,620.1,98,904,17.4,7.3,259818,0.648,Email
1094,920.2,92,1500,5.88,6.44,1006728,0.819,Email
260,745.4,121,1467,43.35,11.25,193803,0.527,Email
794,606.4,118,1126,9.84,7.81,481511,0.879,Email
394,633.4,58,926,19.66,7.75,249561,0.677,Email
129,902.6,92,1481,30.57,3.95,116435,0.665,Email
100,783.7,155,1224,12.37,1.23,78365,0.766,Email
725,930.1,174,1292,12.52,9.07,674302,0.691,Email
36,1065.7,175,1500,54.37,1.97,38364,0.532,Email
73,853.0,166,1291,40.73,2.97,62268,0.756,Email
137,575.1,71,1067,14.55,2.0,78787,0.72,Email
133,530.4,64,904,57.67,7.67,70540,0.532,Email
165,756.2,94,1332,34.82,5.75,124766,0.582,Email
361,905.6,392,1104,4.26,1.54,326905,0.399,Email
70,1205.0,133,1500,24.58,1.72,84349,0.812,Email
170,902.0,162,1487,50.36,8.57,153334,0.764,Email
55,493.3,40,908,59.46,3.27,27129,0.513,Email
51,738.4,71,966,26.51,1.35,37660,0.588,Email
352,557.7,110,1096,11.93,4.2,196296,0.611,Email
93,586.4,114,766,44.57,4.13,54534,0.77,Email
150,627.1,57,835,32.76,4.9,94058,0.807,Email
329,1000.1,135,1376,13.55,4.46,329028,0.765,Email
94,1112.5,210,1500,13.0,1.22,104579,0.608,Email
229,597.0,108,1240,32.27,7.4,136709,0.408,Email
98,896.4,140,1172,30.49,3.0,87848,0.566,Email
181,517.3,58,913,7.14,1.3,93632,0.865,Email
24,934.2,99,1378,41.73,1.01,22420,0.731,Email
69,689.9,105,916,21.03,1.45,47606,0.773,Email
82,522.3,224,801,21.09,1.73,42826,0.632,Email
888,779.8,76,1253,7.87,6.98,692496,0.769,Email
353,604.4,95,812,20.44,7.22,213367,0.722,Email
111,910.1,168,1500,45.9,5.09,101025,0.84,Email
126,1045.7,156,1500,20.9,2.63,131757,0.653,Email
120,738.2,98,964,68.73,8.23,88589,0.655,Email
812,1422.4,141,1500,5.5,4.47,1155015,0.789,Email
62,806.1,96,1449,39.78,2.45,49981,0.663,Email
86,694.2,137,957,33.54,2.88,59698,0.863,Email
220,1205.0,130,1500,39.36,8.66,265093,0.604,Email
139,970.4,187,1500,33.7,4.69,134889,0.647,Email
439,629.4,76,936,15.97,7.01,276308,0.856,Email
377,608.4,107,972,6.14,2.31,229371,0.824,Email
708,789.4,111,1191,4.91,3.47,558915,0.735,Email
98,708.2,175,1177,108.36,10.66,69402,0.542,Email
499,997.4,96,1500,5.9,2.95,497681,0.778,Email
203,1194.4,176,1500,28.04,5.69,242466,0.561,Email
848,996.8,123,1473,11.4,9.66,845255,0.619,Email
26,1033.0,200,1467,41.14,1.07,26858,0.815,Email
176,772.6,123,1378,45.71,8.05,135970,0.436,Email
77,553.5,87,987,25.1,1.93,42617,0.751,Email
103,647.5,86,1084,45.87,4.73,66698,0.689,Email
928,801.2,127,1333,8.99,8.35,743492,0.863,Email
125,1130.8,171,1500,38.81,4.86,141345,0.728,Email
241,809.8,102,1500,28.5,6.88,195165,0.687,Email
183,1053.8,201,1500,32.6,5.98,192847,0.577,Email
522,1071.3,196,1500,15.3,7.99,559204,0.725,Email
29,488.3,273,603,268.56,7.75,14161,0.558,Email
175,907.9,112,1385,49.75,8.73,158883,0.763,Email
234,1179.0,137,1500,12.77,2.99,275874,0.634,Email
35,604.8,107,830,36.94,1.28,21170,0.702,Email
109,798.4,111,1500,42.84,4.68,87024,0.664,Email
96,789.3,151,1151,62.71,6.04,75770,0.761,Email
237,1151.8,205,1500,28.45,6.75,272970,0.615,Email
361,758.3,81,1500,16.6,5.99,273743,0.36,Email
94,1000.2,156,1500,53.92,5.1,94016,0.611,Email
143,908.8,164,1381,34.25,4.9,129957,0.855,Email
157,1178.6,205,1500,49.61,7.8,185045,0.675,Email
257,483.1,87,742,23.65,6.07,124155,0.684,Email
141,688.2,126,910,53.57,7.57,97036,0.797,Email
614,801.7,76,1100,15.75,9.67,492232,0.625,Email
199,665.9,86,1007,18.78,3.73,132517,0.819,Email
53,664.9,98,996,55.59,2.93,35238,0.587,Email
41,662.7,105,1192,41.54,1.72,27169,0.719,Email
208,1237.6,172,1500,40.07,8.34,257419,0.607,Email
248,947.6,155,1370,33.44,8.3,235014,0.62,Email
234,932.6,75,1500,14.14,3.31,218223,0.808,Email
24,763.8,310,1052,150.88,3.59,18331,0.593,Email
342,870.3,171,1500,21.58,7.39,297657,0.581,Email
250,1361.3,272,1500,31.1,7.79,340322,0.778,Email
346,1321.3,149,1500,24.81,8.58,457174,0.663,Email
349,939.5,79,1500,29.94,10.44,327876,0.883,Email
105,994.0,80,1445,54.12,5.67,104374,0.687,Email
339,950.0,85,1500,29.04,9.84,322035,0.662,Email
361,603.3,75,963,30.25,10.93,217789,0.37,Email
1548,1033.7,114,1431,6.25,9.67,1600096,0.929,Email
342,997.5,137,1500,18.76,6.42,341139,0.866,Email
170,678.6,95,1328,47.81,8.11,115360,0.579,Email
241,835.7,70,1279,34.83,8.41,201412,0.761,Email
207,698.6,66,1113,20.73,4.29,144602,0.566,Email
99,805.6,139,1242,35.12,3.49,79750,0.734,Email
164,1109.4,210,1500,24.33,4.0,181939,0.782,Email
216,1176.9,152,1500,43.45,9.38,254210,0.701,Email
84,815.9,103,1500,57.9,4.85,68539,0.566,Email
181,584.3,105,909,28.7,5.19,105753,0.878,Email
108,1148.2,217,1500,23.89,2.59,124000,0.63,Email
23,1079.9,173,1500,53.82,1.22,24837,0.775,Email
1040,1188.7,440,1500,7.14,7.43,1236277,0.346,Email
1068,1159.4,98,1500,8.34,8.9,1238249,0.78,Email
42,519.1,79,1017,40.32,1.69,21802,0.72,Email
51,1143.6,206,1500,37.88,1.95,58326,0.557,Email
21,521.4,83,889,159.73,3.32,10949,0.458,Email
197,1056.1,204,1500,50.74,9.99,208042,0.57,Email
747,1225.5,124,1500,9.32,6.96,915440,0.806,Email
41,675.4,106,1109,31.29,1.29,27691,0.575,Email
41,833.6,134,1271,40.68,1.68,34180,0.557,Email
469,688.8,131,1312,11.26,5.28,323067,0.679,Email
225,608.6,68,1165,35.35,7.95,136938,0.752,Email
71,932.0,185,1361,35.15,2.49,66175,0.724,Email
107,522.4,83,867,40.21,4.3,55894,0.739,Email
83,1123.1,210,1488,58.46,4.87,93217,0.699,Email
120,803.1,89,1077,15.2,1.82,96370,0.669,Email
88,603.0,112,1133,31.9,2.81,53068,0.883,Email
69,990.2,146,1377,37.63,2.59,68323,0.763,Email
394,891.5,142,1317,15.29,6.02,351256,0.608,Email
164,826.1,94,1160,51.38,8.44,135480,0.723,Email
90,934.3,169,1265,26.31,2.37,84089,0.639,Email
140,1025.7,190,1389,43.83,6.16,143591,0.584,Email
64,526.8,71,810,46.97,2.99,33717,0.75,Email
625,721.2,84,1212,5.03,3.15,450773,0.771,Email
126,634.3,89,1013,7.66,0.97,79921,0.823,Email
69,928.2,179,1223,23.21,1.6,64043,0.646,Email
45,697.8,59,1333,44.54,2.01,31403,0.562,Email
1155,696.5,106,1159,5.08,5.87,804514,0.851,Email
487,1032.9,134,1432,21.16,10.31,503011,0.648,Email
157,548.3,57,742,57.43,8.99,86081,0.488,Email
599,485.9,156,806,27.89,16.7,291075,0.513,Email
184,944.4,107,1500,31.88,5.86,173766,0.548,Email
277,983.8,79,1500,28.03,7.78,272509,0.758,Email
65,1023.5,98,1500,40.69,2.64,66528,0.661,Email
358,598.1,259,956,23.94,8.57,214102,0.617,Email
65,967.8,176,1453,56.87,3.68,62906,0.628,Email
219,631.7,75,1121,16.2,3.54,138332,0.81,Email
67,948.4,180,1500,59.35,4.01,63542,0.876,Email
158,768.4,134,1322,34.39,5.43,121414,0.67,Email
258,775.0,89,1490,26.09,6.72,199952,0.762,Email
310,607.0,94,961,19.44,6.03,188173,0.78,Email
85,715.5,79,1031,35.21,2.99,60814,0.79,Email
108,1058.2,147,1464,28.16,3.04,114286,0.653,Email
662,514.1,49,780,12.1,8.01,340340,0.605,Email
591,784.8,91,1405,7.59,4.49,463827,0.58,Email
38,1053.1,137,1500,48.83,1.87,40020,0.673,Email
142,924.1,121,1500,47.86,6.78,131216,0.608,Email
940,823.9,158,1412,10.01,9.4,774452,0.618,Email
63,1011.6,160,1500,17.89,1.13,63732,0.566,Email
176,489.3,86,882,42.34,7.47,86118,0.705,Email
694,773.3,116,1386,13.18,9.15,536686,0.584,Email
165,1119.0,89,1500,60.6,9.97,184641,0.775,Email
83,1015.4,145,1450,41.07,3.4,84281,0.812,Email
138,729.8,90,957,52.19,7.2,100718,0.692,Email
135,753.0,127,1173,16.89,2.28,101655,0.494,Email
22,909.9,94,1417,53.59,1.17,20018,0.766,Email
2284,1329.6,487,1500,3.21,7.33,3036784,0.45,Email
50,827.1,131,1224,54.01,2.69,41357,0.55,Email
104,1070.0,136,1500,38.59,4.01,111284,0.803,Email
141,877.7,101,1500,52.74,7.46,123751,0.711,Email
48,1077.1,133,1500,44.53,2.13,51702,0.654,Email
109,727.6,99,1170,44.47,4.83,79308,0.595,Email
159,890.5,97,1311,15.68,2.49,141592,0.81,Email
747,1185.1,452,1500,8.96,6.69,885249,0.628,Email
325,773.6,127,1287,33.08,10.76,251431,0.398,Email
60,808.1,171,1315,67.81,4.1,48489,0.532,Email
66,659.1,106,1258,35.81,2.35,43503,0.733,Email
611,533.4,82,895,11.46,7.01,325916,0.711,Email
96,790.7,147,1437,55.98,5.38,75906,0.749,Email
88,1015.5,197,1500,48.5,4.28,89363,0.596,Email
1541,984.5,413,1239,10.85,16.72,1517161,0.519,Email
100,583.8,120,1115,49.54,4.96,58381,0.632,Email
72,1188.8,143,1500,56.45,4.07,85590,0.74,Email
165,754.4,81,1184,32.42,5.33,124472,0.763,Email
1296,703.3,71,1424,31.51,40.85,911528,0.105,Web Browsing
395,829.1,157,1500,11.9,4.7,327502,0.237,Web Browsing
455,849.2,79,1500,44.8,20.4,386405,0.201,Web Browsing
329,611.9,113,1319,5.53,1.82,201307,0.136,Web Browsing
48,784.7,97,1500,38.6,1.84,37664,0.265,Web Browsing
658,458.7,87,885,34.08,22.41,301829,0.309,Web Browsing
345,861.5,119,1500,7.58,2.61,297203,0.149,Web Browsing
2398,802.3,95,1383,14.39,34.5,1923869,0.276,Web Browsing
105,620.5,94,1053,76.27,7.98,65157,0.191,Web Browsing
759,557.4,92,914,11.07,8.41,423058,0.271,Web Browsing
247,527.9,65,899,44.97,11.12,130380,0.277,Web Browsing
784,604.5,48,932,34.29,26.89,473900,0.211,Web Browsing
1590,1045.6,126,1500,19.9,31.65,1662545,0.17,Web Browsing
218,701.5,131,1307,45.69,9.95,152934,0.192,Web Browsing
102,1010.3,142,1500,41.15,4.19,103049,0.173,Web Browsing
2518,658.7,113,1500,13.0,32.72,1658624,0.156,Web Browsing
546,975.3,174,1500,46.32,25.27,532539,0.105,Web Browsing
48,557.8,314,760,113.91,5.42,26775,0.322,Web Browsing
118,800.8,153,1500,31.4,3.71,94490,0.243,Web Browsing
473,710.4,124,1500,48.62,23.01,336010,0.247,Web Browsing
315,944.0,168,1500,45.48,14.35,297361,0.099,Web Browsing
1662,994.3,185,1500,21.0,34.91,1652561,0.145,Web Browsing
265,841.8,119,1400,36.06,9.54,223078,0.179,Web Browsing
423,916.2,139,1500,25.18,10.65,387559,0.281,Web Browsing
919,629.5,70,1080,11.54,10.6,578519,0.138,Web Browsing
934,966.1,183,1500,27.46,25.65,902311,0.241,Web Browsing
1986,493.3,60,1194,15.52,30.82,979604,0.188,Web Browsing
91,570.8,65,1146,45.17,4.11,51939,0.213,Web Browsing
219,953.5,167,1500,26.07,5.7,208814,0.167,Web Browsing
2101,913.7,141,1500,11.93,25.07,1919716,0.128,Web Browsing
636,680.1,100,1500,34.73,22.07,432552,0.117,Web Browsing
717,820.8,156,1479,27.25,19.54,588482,0.318,Web Browsing
1274,693.6,56,1363,13.86,17.65,883588,0.19,Web Browsing
138,710.5,128,1193,49.54,6.86,98043,0.156,Web Browsing
598,802.7,125,1500,34.32,20.51,480003,0.283,Web Browsing
1515,1056.2,131,1500,11.72,17.76,1600126,0.147,Web Browsing
422,910.6,74,1500,31.42,13.26,384294,0.199,Web Browsing
784,545.8,61,1339,19.01,14.91,427930,0.239,Web Browsing
55,754.2,125,1445,31.59,1.73,41479,0.207,Web Browsing
593,585.6,103,1307,31.22,18.52,347260,0.146,Web Browsing
83,569.3,85,1362,25.35,2.1,47255,0.125,Web Browsing
126,718.5,116,1103,14.42,1.82,90535,0.216,Web Browsing
394,649.4,89,1499,31.39,12.37,255867,0.315,Web Browsing
792,846.2,145,1402,35.66,28.24,670196,0.178,Web Browsing
102,537.6,81,932,16.39,1.67,54834,0.236,Web Browsing
1402,864.7,162,1500,28.28,39.65,1212287,0.207,Web Browsing
465,1094.2,482,1500,7.28,3.38,508817,0.081,Web Browsing
421,747.6,84,1464,42.78,18.01,314757,0.21,Web Browsing
533,832.7,133,1262,6.76,3.6,443803,0.193,Web Browsing
754,777.2,82,1376,17.61,13.28,585989,0.264,Web Browsing
715,893.9,167,1473,35.11,25.1,639142,0.282,Web Browsing
84,785.4,137,1470,37.12,3.11,65971,0.105,Web Browsing
85,895.2,161,1500,35.77,3.03,76095,0.267,Web Browsing
1493,883.9,116,1500,17.5,26.13,1319630,0.209,Web Browsing
208,836.9,142,1500,35.08,7.29,174083,0.321,Web Browsing
67,958.3,90,1500,16.39,1.1,64205,0.136,Web Browsing
37,757.8,111,1204,43.94,1.63,28038,0.617,Web Browsing
278,771.2,87,1500,41.15,11.46,214400,0.157,Web Browsing
388,508.0,45,840,31.7,12.31,197096,0.153,Web Browsing
11892,1105.1,261,1500,8.95,106.41,13141395,0.068,Web Browsing
67,862.5,119,1500,25.21,1.7,57789,0.202,Web Browsing
234,752.0,113,1500,52.12,12.21,175973,0.181,Web Browsing
110,811.7,126,1268,38.5,4.24,89290,0.134,Web Browsing
665,628.8,96,1379,8.54,5.67,418178,0.246,Web Browsing
147,601.4,94,1408,38.7,5.71,88405,0.191,Web Browsing
548,803.1,116,1500,29.71,16.28,440100,0.238,Web Browsing
2515,821.1,162,1220,11.67,29.35,2065045,0.191,Web Browsing
502,532.3,99,1183,43.7,21.93,267227,0.274,Web Browsing
1294,329.0,166,470,25.17,32.59,425774,0.374,Web Browsing
790,891.9,152,1353,34.18,27.01,704623,0.124,Web Browsing
1048,870.7,97,1500,17.17,18.0,912443,0.253,Web Browsing
175,911.7,163,1500,23.18,4.06,159542,0.183,Web Browsing
9868,1157.1,556,1500,4.89,48.25,11418058,0.1,Web Browsing
828,517.4,95,1115,32.2,26.67,428374,0.196,Web Browsing
447,577.4,114,973,18.1,8.09,258090,0.233,Web Browsing
58,943.7,85,1500,40.35,2.32,54734,0.19,Web Browsing
100,675.9,110,1330,16.92,1.7,67586,0.2,Web Browsing
62,830.9,119,1500,23.82,1.47,51516,0.136,Web Browsing
438,981.8,154,1500,20.63,9.04,430021,0.296,Web Browsing
278,740.2,113,1500,17.72,4.93,205779,0.192,Web Browsing
348,623.4,86,1281,39.0,13.57,216940,0.202,Web Browsing
38,517.7,61,1115,41.86,1.6,19672,0.191,Web Browsing
109,659.4,59,1500,48.58,5.28,71880,0.103,Web Browsing
1507,889.4,172,1500,5.37,8.09,1340324,0.191,Web Browsing
549,767.5,96,1500,25.3,13.89,421348,0.254,Web Browsing
2385,609.6,50,1313,4.74,11.3,1453784,0.339,Web Browsing
577,518.9,71,1120,18.69,10.79,299412,0.197,Web Browsing
1314,747.9,211,1491,14.2,18.66,982682,0.215,Web Browsing
37,832.0,115,1465,43.14,1.59,30785,0.18,Web Browsing
784,896.3,172,1398,7.39,5.79,702688,0.107,Web Browsing
26,813.5,84,1500,42.28,1.1,21151,0.262,Web Browsing
824,1002.6,164,1500,21.67,17.85,826131,0.156,Web Browsing
201,1026.5,98,1500,13.73,2.76,206325,0.237,Web Browsing
73,469.4,208,649,164.92,11.99,34263,0.417,Web Browsing
606,596.9,99,1036,41.76,25.3,361721,0.147,Web Browsing
75,959.4,152,1500,55.43,4.16,71953,0.223,Web Browsing
490,975.0,156,1500,27.76,13.61,477729,0.166,Web Browsing
3437,979.1,152,1500,7.87,27.06,3365129,0.211,Web Browsing
530,631.9,75,997,26.17,13.88,334911,0.241,Web Browsing
181,581.0,84,1248,10.11,1.83,105154,0.191,Web Browsing
152,880.8,71,1488,19.3,2.93,133886,0.134,Web Browsing
389,525.2,69,910,37.13,14.43,204291,0.24,Web Browsing
1572,993.0,341,1500,15.66,24.62,1560969,0.137,Web Browsing
4302,863.8,113,1500,8.29,35.68,3716133,0.149,Web Browsing
4375,643.6,105,1176,9.64,42.17,2815946,0.272,Web Browsing
257,484.5,132,850,111.78,28.72,124523,0.453,Web Browsing
1429,875.4,145,1500,23.8,34.03,1250995,0.266,Web Browsing
93,873.4,105,1500,42.41,3.95,81223,0.195,Web Browsing
525,805.2,139,1369,34.67,18.19,422704,0.118,Web Browsing
125,1110.0,161,1500,15.64,1.96,138753,0.173,Web Browsing
195,984.7,196,1500,9.41,1.84,192017,0.292,Web Browsing
187,824.8,119,1500,33.24,6.22,154240,0.29,Web Browsing
2251,829.0,73,1500,9.28,20.89,1866139,0.244,Web Browsing
43,836.0,111,1500,43.19,1.84,35947,0.139,Web Browsing
99,867.8,139,1500,21.95,2.18,85910,0.144,Web Browsing
100,468.5,168,734,62.98,6.28,46851,0.234,Web Browsing
387,712.3,97,1238,14.35,5.56,275641,0.2,Web Browsing
1299,668.9,68,1345,24.35,31.64,868941,0.253,Web Browsing
112,955.0,140,1500,28.89,3.24,106957,0.23,Web Browsing
801,998.3,145,1500,25.31,20.26,799652,0.139,Web Browsing
581,794.6,101,1500,19.61,11.4,461665,0.286,Web Browsing
960,1011.9,116,1500,37.36,35.86,971422,0.103,Web Browsing
229,765.0,117,1280,15.77,3.61,175187,0.217,Web Browsing
3655,563.6,47,897,6.79,24.83,2060072,0.161,Web Browsing
2646,955.3,86,1500,16.35,43.27,2527613,0.265,Web Browsing
783,485.9,48,1088,14.78,11.58,380458,0.113,Web Browsing
67,776.6,135,1500,31.92,2.14,52033,0.119,Web Browsing
2026,904.4,131,1500,18.6,37.7,1832383,0.177,Web Browsing
132,686.6,114,1149,53.87,7.09,90638,0.27,Web Browsing
723,747.2,87,1236,30.35,21.95,540207,0.302,Web Browsing
279,643.1,75,1382,23.23,6.47,179413,0.236,Web Browsing
73,328.3,233,444,206.05,14.94,23967,0.53,Web Browsing
604,997.4,108,1500,33.9,20.46,602451,0.178,Web Browsing
2439,939.5,96,1431,13.63,33.25,2291417,0.12,Web Browsing
468,1081.3,118,1500,33.35,15.61,506059,0.17,Web Browsing
438,490.9,63,1032,105.68,46.25,215002,0.261,Web Browsing
128,614.0,69,922,50.3,6.43,78597,0.229,Web Browsing
881,829.1,141,1277,29.74,26.2,730406,0.239,Web Browsing
421,796.9,119,1497,43.72,18.42,335484,0.29,Web Browsing
1322,797.0,89,1500,20.06,26.53,1053665,0.227,Web Browsing
801,859.4,114,1500,17.68,14.16,688376,0.253,Web Browsing
221,791.1,67,1500,6.99,1.54,174827,0.163,Web Browsing
491,613.0,78,1500,35.22,17.31,300959,0.203,Web Browsing
40,807.7,127,1500,25.73,1.03,32308,0.2,Web Browsing
914,787.7,81,1499,21.17,19.34,719991,0.364,Web Browsing
451,654.8,91,1127,42.28,19.07,295295,0.288,Web Browsing
1312,646.4,79,1500,18.12,23.77,848024,0.188,Web Browsing
704,961.8,123,1500,30.46,21.45,677087,0.231,Web Browsing
615,857.7,104,1500,39.66,24.41,527471,0.162,Web Browsing
468,864.4,108,1500,41.38,19.38,404545,0.271,Web Browsing
180,868.6,115,1500,40.9,7.35,156354,0.138,Web Browsing
464,737.1,118,1428,17.68,8.21,342016,0.278,Web Browsing
377,997.0,87,1500,39.64,14.96,375885,0.126,Web Browsing
1371,546.4,103,967,15.11,20.71,749151,0.263,Web Browsing
3011,839.6,128,1500,14.77,44.47,2527977,0.209,Web Browsing
1323,535.4,85,1130,7.99,10.57,708305,0.297,Web Browsing
260,813.8,162,1500,5.27,1.37,211575,0.263,Web Browsing
700,801.0,108,1500,38.62,27.03,560733,0.291,Web Browsing
116,603.9,107,1356,34.71,4.01,70052,0.167,Web Browsing
1313,1035.1,154,1500,27.84,36.55,1359122,0.231,Web Browsing
1115,940.9,158,1500,18.49,20.61,1049090,0.263,Web Browsing
1800,1009.1,126,1500,7.51,13.51,1816377,0.194,Web Browsing
74,426.7,93,748,66.61,4.9,31575,0.286,Web Browsing
105,800.0,236,1455,40.1,4.23,83995,0.348,Web Browsing
621,1019.2,161,1500,42.93,26.67,632896,0.273,Web Browsing
564,705.2,132,1092,28.76,16.22,397706,0.177,Web Browsing
237,665.1,80,1086,45.25,10.74,157625,0.282,Web Browsing
237,966.5,149,1500,49.14,11.64,229068,0.136,Web Browsing
256,777.5,102,1482,19.95,5.11,199036,0.154,Web Browsing
335,737.1,143,1500,41.87,14.02,246939,0.261,Web Browsing
959,603.4,71,1281,30.57,29.3,578691,0.146,Web Browsing
1449,580.7,90,1258,16.93,24.53,841450,0.152,Web Browsing
7465,1016.1,648,1299,6.31,47.07,7584818,0.124,Web Browsing
138,590.1,63,1302,40.59,5.62,81439,0.129,Web Browsing
875,723.8,102,1500,45.56,39.86,633285,0.119,Web Browsing
64,943.5,126,1500,53.6,3.44,60381,0.212,Web Browsing
872,823.0,77,1414,44.43,38.76,717659,0.256,Web Browsing
648,681.7,71,1500,52.06,33.74,441751,0.3,Web Browsing
561,573.7,85,1327,6.15,3.45,321831,0.161,Web Browsing
47,984.7,134,1500,56.73,2.68,46281,0.287,Web Browsing
292,694.3,130,1234,16.05,4.68,202747,0.24,Web Browsing
176,840.9,74,1500,17.62,3.11,148005,0.234,Web Browsing
734,971.4,86,1500,36.09,26.47,713035,0.271,Web Browsing
1710,695.3,135,1293,21.05,35.99,1188899,0.141,Web Browsing
559,1005.1,134,1500,52.05,29.11,561854,0.132,Web Browsing
338,849.5,80,1500,42.08,14.21,287126,0.203,Web Browsing
100,796.9,148,1500,41.78,4.19,79689,0.23,Web Browsing
5401,1270.3,804,1500,2.51,13.54,6860743,0.115,Web Browsing
443,874.2,113,1500,25.54,11.32,387249,0.294,Web Browsing
90,587.1,48,1267,45.33,4.1,52838,0.199,Web Browsing
6001,1258.3,194,1500,11.16,66.96,7550817,0.13,Web Browsing
444,997.1,183,1500,22.99,10.2,442720,0.223,Web Browsing
111,699.8,71,1301,40.23,4.45,77673,0.208,Web Browsing
811,959.0,188,1500,48.48,39.31,777783,0.157,Web Browsing
1466,629.3,91,1133,19.66,28.83,922534,0.131,Web Browsing
430,740.8,71,1500,41.23,17.72,318531,0.123,Web Browsing
1545,777.0,99,1211,25.02,38.67,1200455,0.122,Web Browsing
432,466.6,111,917,94.04,40.64,201579,0.395,Web Browsing
353,534.9,70,1270,24.52,8.66,188827,0.263,Web Browsing
964,473.8,92,791,27.02,26.06,456771,0.19,Web Browsing
122,860.9,108,1475,15.29,1.86,105029,0.263,Web Browsing
796,612.7,100,1258,26.36,20.99,487713,0.099,Web Browsing
2240,408.0,209,548,15.52,34.77,913933,0.414,Web Browsing
807,591.9,89,942,6.93,5.59,477680,0.227,Web Browsing
713,553.6,108,954,21.98,15.67,394701,0.221,Web Browsing
2458,640.5,65,1254,8.79,21.61,1574421,0.223,Web Browsing
1002,710.3,93,1500,7.33,7.34,711710,0.299,Web Browsing
72,737.3,118,1500,36.49,2.62,53086,0.24,Web Browsing
614,572.2,61,1060,44.86,27.56,351359,0.185,Web Browsing
1810,926.3,118,1414,21.48,38.87,1676582,0.253,Web Browsing
1603,688.4,125,1158,24.38,39.07,1103444,0.302,Web Browsing
1071,532.7,95,966,19.77,21.16,570555,0.258,Web Browsing
752,744.0,145,1375,44.74,33.65,559499,0.206,Web Browsing
825,582.7,54,1151,29.34,24.2,480759,0.239,Web Browsing
761,709.6,133,1428,42.1,32.03,539997,0.199,Web Browsing
589,1023.4,99,1500,43.29,25.49,602770,0.213,Web Browsing
1144,573.1,58,888,27.98,32.01,655622,0.245,Web Browsing
895,849.9,160,1500,30.87,27.64,760638,0.247,Web Browsing
1007,912.1,112,1500,16.07,16.18,918439,0.193,Web Browsing
818,555.7,109,1072,38.65,31.63,454583,0.164,Web Browsing
69,618.1,84,968,47.84,3.32,42646,0.289,Web Browsing
1386,862.0,153,1445,25.47,35.3,1194800,0.205,Web Browsing
3727,844.5,127,1500,7.84,29.23,3147591,0.142,Web Browsing
877,643.7,64,1104,49.44,43.37,564500,0.106,Web Browsing
1080,578.3,80,981,14.46,15.62,624577,0.247,Web Browsing
1476,996.5,194,1500,7.92,11.7,1470825,0.308,Web Browsing
1547,697.8,124,1096,6.45,9.98,1079466,0.238,Web Browsing
488,611.4,95,1300,11.39,5.55,298378,0.203,Web Browsing
678,856.6,101,1500,37.74,25.6,580743,0.158,Web Browsing
633,826.9,134,1500,35.17,22.26,523409,0.201,Web Browsing
3411,646.4,80,1444,7.22,24.62,2204947,0.29,Web Browsing
51,1048.0,194,1500,44.28,2.25,53450,0.162,Web Browsing
226,733.1,131,1114,48.55,10.95,165690,0.213,Web Browsing
257,791.6,82,1500,35.53,9.15,203442,0.299,Web Browsing
29,271.0,198,375,393.33,11.51,7858,0.359,Web Browsing
46,845.3,81,1500,32.0,1.48,38882,0.146,Web Browsing
4208,938.0,222,1484,14.35,60.4,3946955,0.091,Web Browsing
183,629.4,86,1500,44.01,8.06,115172,0.215,Web Browsing
193,968.6,157,1500,10.81,2.08,186938,0.196,Web Browsing
5829,1133.2,347,1500,16.52,96.33,6605428,0.092,Web Browsing
1817,856.8,158,1500,15.68,28.49,1556743,0.128,Web Browsing
89,613.1,94,1021,49.04,4.34,54568,0.146,Web Browsing
928,872.1,149,1431,32.88,30.5,809295,0.283,Web Browsing
8025,947.4,346,1500,4.11,32.96,7603248,0.146,Web Browsing
1113,1052.2,166,1500,36.93,41.11,1171142,0.153,Web Browsing
323,650.4,102,1281,49.17,15.9,210074,0.24,Web Browsing
1253,935.1,161,1500,6.82,8.54,1171686,0.147,Web Browsing
3513,716.8,132,1148,7.64,26.85,2517953,0.126,Web Browsing
313,465.4,55,1033,47.71,14.91,145675,0.173,Web Browsing
135,912.7,107,1469,14.46,1.95,123214,0.256,Web Browsing
865,783.0,148,1500,30.35,26.24,677272,0.148,Web Browsing
50,354.1,180,595,175.54,8.8,17703,0.379,Web Browsing
1239,775.1,91,1500,23.74,29.42,960400,0.184,Web Browsing
7,342.9,249,436,336.97,2.4,2401,0.354,Web Browsing
136,527.2,87,864,40.93,5.57,71697,0.218,Web Browsing
435,531.0,88,912,19.34,8.42,230988,0.212,Web Browsing
1844,713.3,139,1500,12.84,23.67,1315302,0.19,Web Browsing
597,613.9,89,1305,39.05,23.31,366520,0.108,Web Browsing
207,844.3,129,1297,37.49,7.78,174771,0.154,Web Browsing
428,691.3,61,1208,28.98,12.4,295871,0.517,Web Browsing
232,647.4,80,1318,18.51,4.29,150196,0.29,Web Browsing
83,751.1,138,1338,23.24,1.93,62339,0.1,Web Browsing
157,558.7,329,872,201.3,31.5,87715,0.374,Web Browsing
287,656.0,123,1500,45.49,13.07,188265,0.221,Web Browsing
1713,962.1,85,1500,15.15,25.96,1648155,0.154,Web Browsing
481,738.9,98,1500,45.43,21.85,355429,0.13,Web Browsing
1791,747.1,104,1500,20.22,36.21,1338117,0.107,Web Browsing
136,782.6,108,1265,49.9,6.8,106437,0.455,Web Browsing
290,555.2,78,840,33.01,9.56,161005,0.202,Web Browsing
3107,1167.2,620,1500,4.71,14.62,3626510,0.102,Web Browsing
3751,921.3,187,1482,16.95,63.59,3455772,0.102,Web Browsing
42,1038.2,191,1500,33.26,1.41,43605,0.1,Web Browsing
2445,601.3,52,1113,18.71,45.74,1470250,0.141,Web Browsing
122,551.4,51,1053,41.16,5.04,67277,0.316,Web Browsing
123,563.7,47,1215,46.7,5.75,69334,0.117,Web Browsing
177,1090.9,199,1500,20.85,3.69,193087,0.154,Web Browsing
565,1096.0,197,1500,42.49,24.01,619232,0.104,Web Browsing
165,477.3,43,717,44.5,7.36,78754,0.154,Web Browsing
1139,801.3,112,1265,22.08,25.14,912694,0.145,Web Browsing
435,569.5,65,988,23.64,10.27,247744,0.214,Web Browsing
449,570.1,53,1266,35.51,15.96,255978,0.166,Web Browsing
114,834.7,105,1500,32.95,3.77,95157,0.131,Web Browsing
2459,1029.4,241,1488,7.98,19.61,2531271,0.12,Web Browsing
248,540.3,107,1033,85.02,21.08,133987,0.326,Web Browsing
1130,487.1,86,1091,31.56,35.66,550375,0.284,Web Browsing
1247,961.6,179,1500,28.78,35.88,1199128,0.26,Web Browsing
435,893.0,93,1500,27.76,12.08,388465,0.13,Web Browsing
982,1047.6,96,1500,36.85,36.19,1028774,0.204,Web Browsing
2278,935.0,335,1311,17.46,39.77,2129866,0.128,Web Browsing
82,786.6,96,1408,28.32,2.33,64501,0.172,Web Browsing
1667,806.6,94,1500,10.38,17.3,1344529,0.2,Web Browsing
823,864.5,76,1317,37.56,30.91,711490,0.208,Web Browsing
4094,961.6,100,1500,5.96,24.38,3936791,0.134,Web Browsing
1331,576.7,100,965,25.01,33.3,767597,0.274,Web Browsing
395,622.4,109,1155,21.26,8.4,245847,0.484,Web Browsing
4080,606.8,102,1477,8.67,35.37,2475680,0.204,Web Browsing
1030,799.5,71,1500,37.03,38.14,823455,0.146,Web Browsing
241,897.2,72,1500,13.99,3.37,216231,0.144,Web Browsing
1081,784.7,106,1500,18.87,20.4,848297,0.223,Web Browsing
760,519.7,76,1112,36.52,27.76,394972,0.219,Web Browsing
9,125.4,122,126,1166.6,11.02,1129,0.487,ICMP
25,101.7,99,102,1114.58,28.09,2543,0.531,ICMP
75,370.6,268,558,188.03,14.1,27793,0.334,ICMP
9,130.9,130,132,1006.14,9.16,1178,0.501,ICMP
5,115.0,113,116,1065.12,5.72,575,0.513,ICMP
8,138.1,135,140,939.96,7.98,1105,0.5,ICMP
27,142.3,141,147,988.98,27.01,3843,0.522,ICMP
19,111.0,109,114,1015.51,19.04,2109,0.48,ICMP
26,138.9,136,140,1037.9,26.9,3611,0.447,ICMP
15,111.1,111,113,894.63,13.4,1667,0.504,ICMP
5,118.7,115,121,1066.37,3.11,593,0.504,ICMP
18,119.0,116,120,989.89,18.24,2142,0.431,ICMP
5,110.0,107,112,830.61,3.1,550,0.467,ICMP
10,113.4,110,116,1066.91,10.83,1134,0.58,ICMP
29,106.7,105,109,991.18,28.79,3095,0.551,ICMP
6,117.8,116,119,997.82,5.98,707,0.498,ICMP
14,95.4,94,97,973.26,13.93,1336,0.51,ICMP
31,90.0,87,91,813.97,25.38,2788,0.484,ICMP
5,117.1,116,119,1049.4,4.7,586,0.521,ICMP
24,107.5,104,110,1048.75,25.5,2581,0.554,ICMP
5,134.3,132,136,1214.17,2.85,671,0.557,ICMP
8,142.3,141,143,1171.26,9.46,1138,0.399,ICMP
29,107.9,107,110,769.41,22.6,3128,0.471,ICMP
148,427.0,320,441,234.58,34.7,63198,0.315,ICMP
5,153.6,151,155,955.9,2.38,768,0.517,ICMP
15,107.7,107,110,872.64,12.89,1616,0.564,ICMP
12807,964.6,921,1000,4.32,55.35,12353862,0.191,ICMP
5,145.7,143,148,1091.77,2.65,728,0.478,ICMP
33,108.9,107,109,983.24,32.81,3593,0.428,ICMP
20,125.6,122,129,992.18,19.91,2512,0.525,ICMP
5,126.0,125,127,952.56,3.71,630,0.46,ICMP
18,100.8,98,103,1066.11,19.64,1815,0.5,ICMP
5,129.0,125,131,973.48,5.04,645,0.552,ICMP
8,105.6,103,108,1043.2,8.3,845,0.448,ICMP
13,123.8,122,127,1046.84,13.46,1609,0.496,ICMP
5,91.1,88,93,1024.74,1.38,455,0.451,ICMP
12,118.6,116,121,897.84,11.12,1423,0.569,ICMP
20,98.5,97,100,1030.43,20.79,1971,0.519,ICMP
19,122.6,120,125,1039.53,19.65,2330,0.433,ICMP
216,170.1,148,190,114.19,24.65,36734,0.53,ICMP
32,133.7,129,135,990.97,31.62,4279,0.483,ICMP
61,328.9,264,371,268.03,16.25,20061,0.578,ICMP
14,112.8,111,115,1108.02,16.01,1579,0.512,ICMP
21,161.8,160,167,1088.95,22.73,3397,0.455,ICMP
11,98.4,95,101,1012.07,11.45,1082,0.483,ICMP
5,107.2,104,109,977.14,5.2,536,0.442,ICMP
9,127.4,127,129,1120.67,10.53,1147,0.481,ICMP
5,100.2,97,103,896.55,4.13,501,0.48,ICMP
12,83.2,82,86,1008.93,12.44,999,0.593,ICMP
5,80.1,79,82,981.14,4.32,400,0.443,ICMP
5,94.6,91,96,1073.02,2.26,473,0.577,ICMP
5,134.1,132,136,928.45,1.01,670,0.476,ICMP
23,96.2,94,100,1032.16,23.65,2212,0.591,ICMP
20,96.5,94,99,901.77,17.69,1930,0.473,ICMP
5,151.9,151,156,1114.34,1.96,759,0.566,ICMP
9,105.1,104,108,952.25,9.05,946,0.546,ICMP
5,134.5,133,135,1022.24,1.88,672,0.423,ICMP
5,110.3,108,113,942.19,1.08,551,0.422,ICMP
16,126.2,125,127,871.81,13.65,2019,0.483,ICMP
17,76.9,75,77,960.84,16.53,1308,0.54,ICMP
5,104.6,101,106,1104.13,3.17,523,0.412,ICMP
6,127.1,124,129,1050.47,6.77,763,0.414,ICMP
16,117.4,116,120,1081.68,17.3,1879,0.462,ICMP
20,115.6,113,119,1247.39,25.33,2311,0.53,ICMP
15,88.4,88,91,907.8,13.71,1326,0.483,ICMP
13,111.2,108,112,1056.03,13.93,1446,0.544,ICMP
6,103.4,101,107,1077.96,5.99,621,0.599,ICMP
5,123.2,122,127,1069.13,3.02,616,0.519,ICMP
74,634.2,348,1115,103.8,7.65,46928,0.444,ICMP
31,134.0,130,136,1019.15,31.78,4154,0.469,ICMP
29,138.7,134,142,1039.53,30.27,4022,0.532,ICMP
8,95.7,93,98,831.03,6.54,765,0.538,ICMP
5,130.0,127,133,1070.5,5.08,650,0.522,ICMP
25,106.3,104,108,952.43,23.45,2658,0.476,ICMP
5,93.7,91,96,1084.66,5.62,469,0.601,ICMP
27,108.6,107,110,909.32,24.8,2933,0.46,ICMP
67,779.6,449,816,64.43,4.33,52234,0.297,ICMP
7,135.5,132,138,1218.97,9.09,948,0.481,ICMP
18,94.4,94,96,1138.35,20.21,1699,0.499,ICMP
568,702.6,437,769,57.48,32.62,399095,0.259,ICMP
9,110.8,109,113,984.3,9.07,997,0.432,ICMP
7,145.2,141,148,1140.01,8.23,1016,0.462,ICMP
5,134.5,132,138,1099.7,2.46,673,0.407,ICMP
5,91.4,89,92,1247.78,3.1,457,0.567,ICMP
13,127.8,125,130,961.07,12.69,1662,0.486,ICMP
1498,850.7,778,873,26.63,39.88,1274339,0.239,ICMP
5,151.4,148,155,1105.08,4.97,757,0.454,ICMP
10,117.0,114,118,1247.62,12.27,1170,0.522,ICMP
23,105.3,102,106,1123.5,26.11,2422,0.492,ICMP
5,119.9,119,124,1151.97,2.0,600,0.557,ICMP
16,112.6,111,114,1115.52,18.33,1802,0.497,ICMP
348,487.0,255,768,76.51,26.61,169478,0.285,ICMP
15,113.9,111,115,1007.21,14.63,1708,0.435,ICMP
10,110.7,110,112,1044.66,9.97,1107,0.551,ICMP
225,136.4,121,159,138.35,31.16,30694,0.452,ICMP
12,123.4,121,124,939.93,11.18,1481,0.519,ICMP
12,155.1,151,159,1087.21,12.74,1861,0.472,ICMP
7,115.4,114,117,995.16,7.46,808,0.556,ICMP
15,111.8,111,113,928.43,14.03,1678,0.487,ICMP
11,131.7,129,133,919.8,10.49,1449,0.585,ICMP
17,120.3,118,122,1089.32,18.63,2045,0.492,ICMP
21,91.0,89,92,1112.12,23.41,1910,0.455,ICMP
5,118.7,118,119,1006.37,1.16,594,0.444,ICMP
23,109.4,106,111,865.46,20.18,2516,0.505,ICMP
29,132.1,128,136,968.16,27.98,3831,0.471,ICMP
31,99.0,96,102,914.15,27.94,3068,0.515,ICMP
5,95.2,94,98,1179.51,1.27,476,0.52,ICMP
6,97.9,97,99,886.76,5.02,587,0.514,ICMP
20,122.9,120,125,935.63,18.41,2458,0.563,ICMP
10,111.9,111,112,1062.74,10.86,1119,0.513,ICMP
5,147.8,144,150,1161.69,3.27,739,0.442,ICMP
19,158.9,156,162,1113.9,20.89,3019,0.529,ICMP
28,95.9,93,98,1062.07,30.0,2687,0.385,ICMP
16,96.8,96,99,1075.32,17.45,1549,0.526,ICMP
5,113.4,110,115,1086.94,1.14,567,0.499,ICMP
6,112.8,111,115,1148.39,6.88,677,0.555,ICMP
5,130.9,130,133,943.55,2.47,655,0.5,ICMP
5,94.4,94,96,1041.97,1.18,472,0.454,ICMP
25,124.5,123,129,962.18,23.63,3113,0.493,ICMP
21,102.0,100,103,1020.64,21.19,2142,0.499,ICMP
18,138.4,136,142,940.0,16.59,2491,0.481,ICMP
5,118.4,116,122,1089.92,4.51,592,0.441,ICMP
28,104.7,103,107,826.66,23.41,2931,0.478,ICMP
11,115.2,114,118,1057.19,11.45,1267,0.585,ICMP
8,89.8,88,91,917.3,7.06,719,0.57,ICMP
13,125.2,121,127,1048.41,13.37,1628,0.451,ICMP
8,116.9,114,117,1004.32,8.51,935,0.629,ICMP
11,87.9,86,89,1253.34,13.62,967,0.437,ICMP
8,130.8,128,134,893.58,7.57,1046,0.447,ICMP
17,117.3,116,118,1115.31,19.39,1994,0.452,ICMP
6,130.0,128,134,1004.22,5.55,780,0.528,ICMP
13,140.3,137,145,1023.63,13.67,1824,0.538,ICMP
5,262.7,213,315,704.85,2.34,1313,0.522,ICMP
28,105.2,103,108,855.71,23.64,2945,0.465,ICMP
7,131.8,128,136,942.3,6.84,923,0.445,ICMP
24,125.5,124,129,1115.99,26.79,3013,0.564,ICMP
29,104.0,102,104,921.06,27.17,3015,0.509,ICMP
5,112.3,110,115,1097.46,1.62,562,0.487,ICMP
7,91.3,89,92,1123.97,8.25,639,0.496,ICMP
14,97.6,96,99,945.78,13.6,1366,0.556,ICMP
30,123.7,123,125,973.09,29.04,3711,0.478,ICMP
5,110.6,108,114,949.88,2.34,553,0.473,ICMP
5,105.4,103,109,1106.75,1.75,527,0.591,ICMP
17,130.8,129,133,1028.79,17.23,2223,0.45,ICMP
32,86.2,85,87,889.93,28.79,2758,0.528,ICMP
5,131.8,128,136,976.57,3.45,659,0.507,ICMP
25,120.4,117,124,1103.77,27.63,3009,0.46,ICMP
514,159.2,140,185,92.89,47.75,81824,0.544,ICMP
10,126.8,125,128,1021.39,9.96,1268,0.485,ICMP
196,132.4,117,165,79.88,15.65,25958,0.474,ICMP
5,169.4,101,277,364.52,1.2,847,0.453,ICMP
21,115.0,113,119,998.91,20.89,2416,0.504,ICMP
6,105.2,103,108,931.18,5.99,631,0.502,ICMP
5,121.0,119,122,1027.12,1.51,605,0.515,ICMP
603,912.4,480,1070,33.22,20.02,550183,0.202,ICMP
23,86.7,85,88,1018.84,23.91,1994,0.472,ICMP
13,88.1,87,89,1151.54,14.62,1145,0.47,ICMP
5,117.3,114,119,1054.28,5.75,587,0.511,ICMP
8,118.4,116,121,1122.18,8.46,947,0.554,ICMP
24,501.7,304,733,113.71,2.77,12041,0.621,ICMP
13,94.3,91,97,1048.24,14.07,1225,0.508,ICMP
6,148.8,148,150,1030.63,6.5,893,0.524,ICMP
6,142.4,142,144,1221.71,6.94,854,0.502,ICMP
22,85.9,83,87,953.95,21.29,1890,0.521,ICMP
13,146.5,143,150,1177.19,15.04,1904,0.561,ICMP
113,377.6,214,662,87.44,9.92,42665,0.307,ICMP
15,123.9,122,126,992.59,15.38,1858,0.467,ICMP
12,119.7,117,121,1114.74,13.35,1436,0.491,ICMP
12,109.5,106,111,1062.23,12.32,1314,0.537,ICMP
33,107.2,105,109,786.13,25.79,3538,0.513,ICMP
20,105.1,103,109,991.1,19.4,2102,0.535,ICMP
27,106.9,106,109,1043.84,27.84,2886,0.486,ICMP
6,106.2,105,109,938.34,5.44,637,0.505,ICMP
21,140.7,139,144,1095.06,22.92,2955,0.537,ICMP
26,120.4,118,124,1038.34,26.67,3130,0.487,ICMP
22,128.9,127,132,1015.34,22.43,2835,0.557,ICMP
14,217.7,172,257,317.55,4.46,3048,0.426,ICMP
19,95.4,95,98,821.88,15.49,1813,0.503,ICMP
5,143.3,140,146,922.09,3.21,716,0.473,ICMP
8,94.9,92,96,1011.62,7.97,759,0.481,ICMP
7,105.8,105,109,1037.4,6.82,740,0.545,ICMP
20,95.7,95,99,1151.27,22.58,1915,0.504,ICMP
13,102.8,101,104,1029.82,13.66,1336,0.527,ICMP
19,130.4,129,134,1034.11,20.12,2477,0.466,ICMP
21,98.4,98,100,837.75,17.6,2066,0.528,ICMP
18,136.8,133,141,930.24,17.15,2462,0.482,ICMP
17,121.1,118,125,1062.23,18.28,2058,0.471,ICMP
20,126.1,123,127,1059.73,20.98,2521,0.472,ICMP
21,137.8,136,139,977.75,20.33,2895,0.459,ICMP
59,123.8,112,136,146.55,8.65,7305,0.521,ICMP
5,128.2,126,130,988.92,1.06,641,0.574,ICMP
5,118.6,117,120,1006.61,4.82,593,0.469,ICMP
6,153.6,152,158,893.93,5.61,922,0.563,ICMP
19,142.7,139,146,927.86,17.42,2712,0.502,ICMP
17,127.8,124,130,1156.16,19.51,2173,0.461,ICMP
95,141.6,130,151,282.83,26.8,13453,0.604,ICMP
27,95.1,92,97,860.7,23.58,2566,0.504,ICMP
25,355.5,209,457,159.7,4.01,8887,0.387,ICMP
25,112.2,110,113,953.35,23.6,2805,0.394,ICMP
30,134.8,130,138,955.01,29.0,4044,0.49,ICMP
5,102.9,101,106,915.56,4.57,514,0.509,ICMP
29,116.4,115,118,944.83,27.44,3375,0.502,ICMP
10,98.0,97,101,1063.88,10.47,980,0.534,ICMP
18,139.9,136,144,1006.98,17.87,2518,0.437,ICMP
7,79.6,79,82,989.01,7.07,557,0.49,ICMP
6,96.8,96,99,955.49,5.52,581,0.443,ICMP
5,86.3,85,88,1104.22,4.11,432,0.479,ICMP
20,149.8,146,150,978.25,19.85,2995,0.481,ICMP
5,111.9,109,114,803.53,2.1,559,0.593,ICMP
3780,996.8,855,1036,15.88,60.03,3767745,0.187,ICMP
5,123.3,122,127,879.57,1.93,616,0.563,ICMP
22,115.0,113,117,956.5,20.75,2530,0.504,ICMP
7,118.1,116,120,888.52,5.99,827,0.582,ICMP
7,97.3,95,99,830.82,6.04,681,0.57,ICMP
8,122.9,121,125,934.71,7.8,983,0.5,ICMP
5,110.2,107,111,913.41,1.34,551,0.49,ICMP
20,155.6,112,234,725.39,14.28,3111,0.496,ICMP
26,140.9,136,143,913.17,23.53,3663,0.563,ICMP
6,103.9,101,107,943.44,5.65,624,0.562,ICMP
5,105.6,102,108,879.84,3.55,528,0.512,ICMP
27,107.8,107,110,866.55,23.47,2912,0.491,ICMP
25,137.9,135,140,1121.11,28.45,3447,0.44,ICMP
10,108.3,106,110,1097.31,11.52,1083,0.507,ICMP
5,90.9,88,94,1032.24,4.13,455,0.453,ICMP
14,104.3,101,105,937.3,12.71,1460,0.474,ICMP
8,129.2,126,133,1040.3,8.75,1033,0.421,ICMP
35,371.7,251,529,307.7,10.77,13011,0.343,ICMP
5,177.0,132,254,664.97,3.09,885,0.512,ICMP
5,89.9,89,91,1086.71,4.23,450,0.525,ICMP
10,145.9,144,147,1229.45,12.18,1459,0.546,ICMP
9,100.5,98,102,863.06,8.06,905,0.498,ICMP
35,133.2,130,136,851.63,30.14,4663,0.459,ICMP
17,129.5,127,133,1109.14,18.35,2201,0.558,ICMP
10,103.3,100,104,851.88,8.81,1033,0.574,ICMP
31,120.0,119,124,810.71,24.81,3719,0.434,ICMP
53,581.2,536,596,120.82,6.4,30803,0.334,ICMP
24,122.1,120,125,1016.94,24.74,2931,0.403,ICMP
5,99.4,99,101,1061.51,3.97,497,0.509,ICMP
30,134.0,132,135,1055.17,31.88,4020,0.579,ICMP
18,90.1,88,91,1053.34,19.11,1621,0.524,ICMP
65,881.9,808,919,20.65,1.35,57321,0.261,ICMP
22,130.6,129,133,1027.69,22.87,2873,0.613,ICMP
24,106.8,106,110,1059.65,25.26,2562,0.492,ICMP
13,132.1,130,136,914.48,11.87,1718,0.548,ICMP
5,103.4,101,106,1039.69,5.58,517,0.492,ICMP
8,107.2,104,109,966.57,7.54,857,0.435,ICMP
17,112.4,111,116,1117.15,19.19,1910,0.529,ICMP
23,92.7,90,95,936.28,21.76,2131,0.498,ICMP
142,485.9,477,492,119.74,17.06,69001,0.367,ICMP
43,757.0,708,771,27.47,1.17,32552,0.335,ICMP
25,80.2,79,81,937.8,23.54,2004,0.55,ICMP
5,90.0,89,91,1134.11,3.09,450,0.543,ICMP
62,432.1,163,677,108.38,6.72,26789,0.823,ICMP
6,128.2,126,130,919.29,5.8,769,0.521,ICMP
25,108.8,107,111,1045.35,25.77,2719,0.595,ICMP
224,141.0,120,154,141.65,31.78,31584,0.468,ICMP
19,99.4,98,100,941.42,17.72,1888,0.465,ICMP
5,104.5,102,106,1129.68,5.1,523,0.481,ICMP
11,148.1,148,151,977.02,11.13,1629,0.619,ICMP
11,106.3,105,108,1062.36,11.16,1170,0.594,ICMP
20,107.7,105,110,1007.98,19.98,2154,0.646,ICMP
24,104.4,103,106,982.84,24.05,2507,0.486,ICMP
22,133.4,131,137,1035.81,22.72,2934,0.395,ICMP
5,106.0,105,108,1094.58,1.49,530,0.427,ICMP
10,136.6,136,139,1127.4,11.4,1366,0.494,ICMP
26,91.6,91,94,904.87,23.8,2382,0.54,ICMP
5,126.4,124,128,975.27,3.23,632,0.519,ICMP
7,119.3,119,123,1231.93,8.16,835,0.549,ICMP
22,137.1,134,141,1130.94,24.32,3017,0.433,ICMP
20,115.2,113,118,1280.29,25.65,2304,0.517,ICMP
24,100.0,99,101,1194.45,28.69,2399,0.476,ICMP
17,283.0,239,334,821.28,14.17,4811,0.435,ICMP
5,101.8,100,104,1039.0,3.7,509,0.521,ICMP
30,157.9,154,159,915.63,27.76,4736,0.581,ICMP
5,147.5,143,148,962.03,4.05,738,0.487,ICMP
5,130.3,128,131,1131.69,4.24,652,0.549,ICMP
11,130.3,130,133,1127.42,12.21,1433,0.495,ICMP
455,717.9,383,756,88.12,40.06,326660,0.236,ICMP
13,145.7,142,148,986.66,12.97,1894,0.459,ICMP
24,129.0,126,131,932.37,22.11,3096,0.51,ICMP
11,163.5,140,175,220.28,2.5,1799,0.467,ICMP
37,258.4,196,318,605.34,22.18,9561,0.425,ICMP
11,126.3,123,127,1098.67,12.57,1390,0.476,ICMP
21,104.2,101,105,1002.56,20.98,2187,0.578,ICMP
5,122.7,121,125,942.48,3.81,613,0.531,ICMP
22,358.1,265,458,431.25,9.46,7877,0.537,ICMP
27,100.3,99,101,1005.71,27.61,2709,0.481,ICMP
5,107.2,107,111,1013.58,4.62,536,0.491,ICMP
5,126.6,122,130,1030.42,1.51,633,0.605,ICMP
72,446.3,363,469,324.73,23.37,32137,0.318,ICMP
5,118.4,115,119,1237.25,5.46,592,0.539,ICMP
7,110.8,108,113,1074.95,7.36,775,0.469,ICMP
6,121.7,121,125,1121.61,7.09,730,0.465,ICMP
19,111.6,109,114,1057.39,19.98,2120,0.553,ICMP
20,111.8,109,116,1063.75,21.13,2237,0.53,ICMP
28,139.8,136,144,1033.87,29.29,3913,0.487,ICMP
8,127.9,126,129,1142.1,9.69,1023,0.587,ICMP
23,155.9,155,157,1001.63,22.99,3587,0.532,ICMP
13,111.3,110,112,1074.27,13.48,1447,0.501,ICMP
21,87.4,84,88,1048.25,21.69,1836,0.536,ICMP
1421,1061.4,365,1139,9.42,13.38,1508180,0.03,Video Streaming
4180,1205.7,184,1418,10.67,44.59,5039829,0.064,Video Streaming
1216,1243.5,275,1358,5.88,7.15,1512099,0.078,Video Streaming
33260,1171.5,284,1268,6.09,202.4,38964035,0.072,Video Streaming
27621,1127.2,419,1235,9.01,248.82,31134290,0.07,Video Streaming
447,1277.7,169,1405,2.97,1.33,571131,0.05,Video Streaming
8063,1272.8,474,1384,5.07,40.86,10262882,0.023,Video Streaming
5184,1168.4,128,1322,9.64,49.97,6057211,0.028,Video Streaming
11568,1276.0,273,1500,12.3,142.24,14760307,0.055,Video Streaming
38399,1246.5,445,1465,7.6,292.01,47865033,0.052,Video Streaming
30797,1170.7,219,1388,5.69,175.13,36054914,0.08,Video Streaming
27439,1455.4,316,1500,10.52,288.75,39934524,0.046,Video Streaming
523,1250.3,264,1500,2.1,1.1,653891,0.038,Video Streaming
174,1106.6,305,1199,7.68,1.34,192548,0.048,Video Streaming
2246,1028.4,171,1258,8.0,17.97,2309874,0.081,Video Streaming
22784,1241.6,135,1381,10.67,243.11,28288316,0.025,Video Streaming
86696,1106.9,128,1379,2.97,257.58,95965386,0.037,Video Streaming
69166,1219.3,218,1333,4.18,289.05,84332106,0.069,Video Streaming
2378,1243.5,682,1333,2.99,7.1,2956954,0.033,Video Streaming
142690,1455.5,324,1500,2.23,318.62,207682705,0.048,Video Streaming
9394,1016.9,111,1410,7.04,66.13,9552394,0.099,Video Streaming
30819,1185.5,179,1373,8.73,269.08,36536574,0.04,Video Streaming
3146,1124.8,419,1229,23.52,73.99,3538667,0.151,Video Streaming
24139,1039.9,106,1183,7.63,184.17,25102635,0.041,Video Streaming
66874,1281.0,279,1461,2.19,146.24,85662306,0.075,Video Streaming
24243,1269.1,151,1500,6.17,149.64,30767810,0.036,Video Streaming
87158,1153.6,133,1290,2.59,226.12,100542878,0.074,Video Streaming
93098,1156.4,115,1359,3.09,287.63,107662280,0.05,Video Streaming
75443,1076.3,224,1240,4.35,328.44,81198017,0.04,Video Streaming
8901,1081.8,157,1351,6.57,58.52,9629311,0.034,Video Streaming
27125,1193.4,263,1325,8.15,221.11,32370034,0.078,Video Streaming
9875,1388.4,430,1500,7.35,72.58,13710872,0.082,Video Streaming
16992,1178.3,239,1435,11.07,188.03,20021483,0.051,Video Streaming
124,1195.6,332,1440,9.02,1.12,148251,0.065,Video Streaming
52704,1430.9,367,1500,5.69,299.63,75416643,0.044,Video Streaming
1985,1165.6,119,1266,8.67,17.2,2313619,0.038,Video Streaming
3834,1196.3,260,1333,10.28,39.41,4586524,0.022,Video Streaming
85784,1230.4,449,1314,3.21,275.33,105552396,0.08,Video Streaming
16115,1183.3,194,1404,6.94,111.84,19068575,0.068,Video Streaming
581,1114.2,256,1369,13.53,7.86,647334,0.043,Video Streaming
16877,997.5,338,1245,12.7,214.33,16835522,0.072,Video Streaming
48029,1140.9,182,1409,5.22,250.86,54795262,0.052,Video Streaming
3917,1412.6,410,1500,4.84,18.94,5533269,0.064,Video Streaming
13184,1203.7,449,1320,11.71,154.33,15869284,0.081,Video Streaming
694,1215.5,251,1440,5.33,3.7,843562,0.072,Video Streaming
915,1034.9,351,1090,2.8,2.56,946956,0.024,Video Streaming
649,1158.1,388,1326,11.05,7.17,751610,0.069,Video Streaming
9225,1339.3,518,1500,9.38,86.55,12354971,0.057,Video Streaming
3126,1131.5,372,1201,6.13,19.16,3537186,0.022,Video Streaming
2234,1180.4,458,1284,5.9,13.19,2636967,0.04,Video Streaming
7669,1243.5,201,1500,7.12,54.56,9536715,0.052,Video Streaming
5627,1144.7,193,1403,9.97,56.13,6441329,0.053,Video Streaming
98514,1331.5,496,1500,2.68,263.69,131173417,0.033,Video Streaming
16043,1246.4,388,1326,9.25,148.32,19996687,0.059,Video Streaming
27931,1120.2,112,1343,9.02,252.06,31288093,0.055,Video Streaming
81592,1253.7,447,1500,3.32,271.22,102288546,0.033,Video Streaming
28425,1266.0,225,1388,8.5,241.74,35985773,0.063,Video Streaming
21215,1207.9,323,1474,4.39,93.22,25625162,0.075,Video Streaming
1284,1132.7,200,1413,9.29,11.93,1454427,0.053,Video Streaming
385,1121.0,153,1215,5.78,2.22,431577,0.055,Video Streaming
814,1079.4,315,1319,9.2,7.48,878659,0.052,Video Streaming
222,1064.2,365,1253,8.1,1.8,236252,0.018,Video Streaming
5256,1100.1,200,1220,10.73,56.42,5782322,0.05,Video Streaming
460,1204.9,275,1288,11.99,5.52,554253,0.058,Video Streaming
32823,1088.0,288,1249,8.51,279.2,35710655,0.023,Video Streaming
14172,1128.0,190,1188,6.39,90.49,15986258,0.039,Video Streaming
39076,1234.3,334,1376,6.15,240.32,48230081,0.018,Video Streaming
466,549.7,150,1103,48.73,22.71,256180,0.288,Video Streaming
34879,1228.5,458,1327,4.3,150.09,42848461,0.04,Video Streaming
6091,1280.2,157,1380,3.91,23.8,7797461,0.069,Video Streaming
1334,1355.1,353,1500,4.9,6.53,1807742,0.076,Video Streaming
6646,1205.5,481,1457,8.22,54.67,8011639,0.05,Video Streaming
152,951.6,371,1119,8.71,1.32,144636,0.032,Video Streaming
2502,998.6,480,1075,4.4,11.01,2498526,0.055,Video Streaming
1324,1319.4,332,1454,7.39,9.78,1746878,0.073,Video Streaming
151,785.7,215,1237,33.34,5.05,118638,0.157,Video Streaming
53297,1221.6,281,1403,4.77,254.41,65108203,0.054,Video Streaming
21048,1258.4,500,1336,7.21,151.81,26487044,0.07,Video Streaming
48111,1080.9,240,1181,5.65,271.65,52004975,0.052,Video Streaming
97843,1249.8,374,1435,2.5,244.64,122287702,0.066,Video Streaming
24193,1388.8,343,1500,10.5,253.96,33598648,0.056,Video Streaming
15510,1311.0,190,1430,7.34,113.91,20333042,0.072,Video Streaming
268,1041.4,204,1500,13.98,3.74,279088,0.082,Video Streaming
35396,1448.8,502,1500,7.78,275.48,51282831,0.058,Video Streaming
27974,1204.8,389,1460,4.79,134.01,33703951,0.033,Video Streaming
5290,660.9,379,777,10.09,53.38,3496064,0.251,Video Streaming
3118,1379.5,280,1500,7.66,23.87,4301356,0.082,Video Streaming
118371,1139.7,423,1364,2.49,295.31,134907058,0.06,Video Streaming
7307,1246.5,262,1316,5.42,39.6,9107874,0.047,Video Streaming
390,1178.7,295,1457,3.52,1.37,459681,0.027,Video Streaming
7201,1277.7,214,1500,11.28,81.19,9200667,0.023,Video Streaming
18640,1230.2,123,1315,3.47,64.63,22930503,0.065,Video Streaming
37877,1233.5,431,1435,8.24,312.07,46719510,0.035,Video Streaming
16276,1115.9,214,1347,8.71,141.69,18162395,0.036,Video Streaming
12880,1383.3,321,1500,7.72,99.4,17816771,0.082,Video Streaming
13087,1097.7,296,1338,13.86,181.41,14364983,0.058,Video Streaming
231,1237.8,474,1310,5.28,1.22,285922,0.045,Video Streaming
2629,1189.6,225,1480,5.92,15.57,3127552,0.053,Video Streaming
6712,1282.4,276,1500,3.43,23.03,8607734,0.04,Video Streaming
809,1183.4,250,1263,5.54,4.48,957333,0.041,Video Streaming
910,1014.4,284,1071,11.42,10.39,923143,0.053,Video Streaming
349,1306.6,350,1500,6.42,2.24,456013,0.068,Video Streaming
5161,1168.9,300,1379,6.4,33.05,6032710,0.039,Video Streaming
305,1227.1,447,1317,5.44,1.66,374272,0.067,Video Streaming
868,1281.9,243,1500,7.54,6.55,1112696,0.103,Video Streaming
595,1389.6,303,1500,7.23,4.3,826796,0.084,Video Streaming
153,919.7,107,1177,12.05,1.84,140713,0.513,Video Streaming
20572,1379.5,449,1500,11.04,227.05,28379281,0.049,Video Streaming
49217,1065.4,369,1292,4.73,232.81,52434208,0.065,Video Streaming
31225,1240.7,162,1405,5.25,164.02,38740954,0.05,Video Streaming
7851,1376.4,184,1474,6.19,48.6,10806354,0.05,Video Streaming
18774,1276.3,156,1474,2.06,38.62,23960401,0.07,Video Streaming
14795,1194.2,308,1448,11.12,164.56,17668466,0.076,Video Streaming
1285,1281.8,131,1434,4.97,6.39,1647112,0.074,Video Streaming
24082,1176.7,196,1425,6.89,165.88,28337995,0.045,Video Streaming
17913,1258.3,441,1500,8.62,154.37,22540367,0.078,Video Streaming
15451,1217.9,305,1412,4.13,63.74,18817276,0.065,Video Streaming
328,1363.0,140,1441,3.92,1.28,447079,0.067,Video Streaming
43125,1374.8,275,1500,7.23,311.62,59287850,0.027,Video Streaming
3808,1223.6,220,1500,12.99,49.46,4659543,0.132,Video Streaming
35003,1244.2,446,1500,6.38,223.26,43552353,0.028,Video Streaming
71789,1138.1,403,1364,3.53,253.28,81700081,0.067,Video Streaming
13463,1334.1,181,1438,10.47,140.96,17961239,0.065,Video Streaming
1061,1397.3,480,1500,13.09,13.88,1482508,0.07,Video Streaming
353,1294.4,465,1373,8.56,3.02,456916,0.045,Video Streaming
309,1352.9,450,1500,7.22,2.23,418042,0.022,Video Streaming
44596,1084.0,238,1254,3.81,169.86,48342765,0.02,Video Streaming
830,653.3,342,748,15.79,13.11,542239,0.335,Video Streaming
705,1114.3,332,1215,3.59,2.53,785562,0.05,Video Streaming
1489,1181.9,416,1248,10.41,15.5,1759917,0.069,Video Streaming
23963,1124.5,275,1276,6.42,153.79,26947457,0.044,Video Streaming
219,1429.7,381,1500,12.05,2.64,313098,0.05,Video Streaming
118211,1472.1,166,1500,2.45,289.09,174024138,0.024,Video Streaming
328,1245.2,315,1455,10.2,3.35,408428,0.045,Video Streaming
25619,1249.8,220,1500,3.14,80.35,32019189,0.043,Video Streaming
17692,1480.4,441,1500,11.81,208.87,26190638,0.062,Video Streaming
17460,1067.8,206,1279,3.95,69.01,18644371,0.041,Video Streaming
35495,1111.2,304,1270,2.99,106.11,39440755,0.066,Video Streaming
27454,1072.7,336,1336,6.39,175.34,29449991,0.079,Video Streaming
4336,1229.9,197,1486,9.77,42.38,5332711,0.055,Video Streaming
277,1091.0,247,1340,11.96,3.31,302206,0.08,Video Streaming
537,1004.0,272,1500,16.68,8.95,539136,0.09,Video Streaming
31613,1396.1,831,1463,2.08,65.64,44136458,0.043,Video Streaming
184,983.4,310,1258,13.72,2.52,180946,0.24,Video Streaming
14623,1294.9,517,1500,3.86,56.42,18935166,0.022,Video Streaming
35,635.0,411,693,95.24,3.37,22225,0.3,Video Streaming
1394,1081.5,251,1478,8.94,12.47,1507593,0.434,Video Streaming
4934,1280.3,385,1500,11.52,56.82,6317052,0.034,Video Streaming
4905,1303.3,480,1500,8.06,39.52,6392640,0.033,Video Streaming
12181,1124.0,374,1245,6.83,83.16,13690956,0.043,Video Streaming
16788,1346.7,282,1500,10.53,176.76,22608167,0.07,Video Streaming
424,1240.4,313,1500,3.81,1.61,525923,0.04,Video Streaming
478,1362.5,161,1500,5.32,2.54,651271,0.027,Video Streaming
45793,1231.5,721,1366,3.49,159.73,56392999,0.049,Video Streaming
33072,1287.7,615,1500,4.2,138.77,42585820,0.033,Video Streaming
263,1185.9,292,1454,5.05,1.33,311904,0.067,Video Streaming
57027,1397.4,441,1500,3.0,170.81,79689652,0.029,Video Streaming
40740,1104.2,427,1277,7.22,294.22,44983595,0.06,Video Streaming
22658,1239.2,195,1444,9.56,216.71,28077275,0.03,Video Streaming
14811,1416.9,367,1500,7.99,118.31,20986194,0.056,Video Streaming
94041,1093.5,299,1191,2.06,193.29,102833363,0.029,Video Streaming
192,1500,291,1500,6.22,1.19,288000,0.071,Video Streaming
585,1166.4,364,1425,12.16,7.11,682345,0.047,Video Streaming
9587,1339.5,136,1500,3.63,34.77,12841867,0.038,Video Streaming
1764,1165.9,367,1319,3.07,5.41,2056625,0.061,Video Streaming
40402,1376.8,294,1500,6.22,251.47,55625100,0.058,Video Streaming
2385,1149.2,311,1363,8.43,20.11,2740931,0.079,Video Streaming
1793,1252.5,213,1423,7.32,13.13,2245700,0.06,Video Streaming
339,1137.8,235,1235,6.79,2.3,385729,0.029,Video Streaming
31271,1256.9,337,1495,7.97,249.33,39306008,0.018,Video Streaming
19157,1163.8,448,1426,5.68,108.75,22295744,0.062,Video Streaming
698,1223.9,131,1470,8.3,5.79,854284,0.084,Video Streaming
5132,1500,538,1500,5.75,29.5,7698000,0.047,Video Streaming
107,1193.3,288,1451,10.48,1.12,127685,0.068,Video Streaming
2570,1194.2,278,1409,3.87,9.96,3069134,0.023,Video Streaming
134,1356.2,505,1500,7.83,1.05,181725,0.039,Video Streaming
19607,1430.1,463,1500,1.86,36.55,28039638,0.031,Video Streaming
10919,1078.1,321,1230,4.61,50.29,11771813,0.052,Video Streaming
8495,1404.6,494,1500,9.97,84.67,11932127,0.038,Video Streaming
35932,1227.7,288,1488,5.94,213.46,44114009,0.069,Video Streaming
15159,1358.9,241,1500,5.06,76.77,20599169,0.048,Video Streaming
25534,1151.9,157,1316,7.34,187.41,29413730,0.027,Video Streaming
20550,1054.6,405,1148,9.2,189.05,21672018,0.058,Video Streaming
6833,1500,480,1500,7.69,52.56,10249500,0.038,Video Streaming
31061,1044.5,195,1133,4.86,150.95,32443047,0.058,Video Streaming
2792,1300.1,366,1500,3.1,8.65,3629770,0.072,Video Streaming
1478,1291.4,372,1411,6.78,10.02,1908658,0.049,Video Streaming
33078,1114.2,143,1353,7.47,247.11,36854481,0.049,Video Streaming
17176,1308.6,517,1500,5.85,100.55,22475705,0.024,Video Streaming
11480,944.5,197,1062,10.88,124.86,10842308,0.025,Video Streaming
71493,1084.3,194,1186,4.6,329.16,77518135,0.025,Video Streaming
8941,1153.8,294,1416,11.57,103.48,10316485,0.069,Video Streaming
884,1325.7,265,1500,7.74,6.84,1171895,0.051,Video Streaming
3893,1339.5,149,1483,9.4,36.59,5214807,0.022,Video Streaming
709,1118.7,222,1362,7.73,5.48,793179,0.06,Video Streaming
11730,1150.8,134,1427,9.73,114.16,13498608,0.066,Video Streaming
20622,1374.3,176,1500,8.51,175.42,28341237,0.071,Video Streaming
7812,1139.9,429,1317,10.99,85.85,8904628,0.04,Video Streaming
3421,1449.6,777,1500,2.61,8.93,4959120,0.036,Video Streaming
4031,1277.5,389,1366,5.95,23.97,5149424,0.061,Video Streaming
4557,943.7,300,1401,14.69,66.96,4300573,0.143,Video Streaming
183,1364.8,248,1488,10.54,1.93,249754,0.058,Video Streaming
5160,1265.6,337,1337,7.05,36.4,6530498,0.047,Video Streaming
1693,1235.7,243,1491,2.99,5.06,2091994,0.019,Video Streaming
875,913.6,337,1003,19.44,17.0,799408,0.187,Video Streaming
112289,1054.1,370,1211,2.07,232.34,118365512,0.078,Video Streaming
265,1298.4,439,1500,7.35,1.95,344067,0.05,Video Streaming
4828,1380.2,368,1500,10.79,52.09,6663511,0.062,Video Streaming
159,1225.7,127,1476,10.62,1.69,194880,0.047,Video Streaming
29430,1176.1,400,1381,8.15,239.99,34613029,0.077,Video Streaming
216,1082.1,157,1344,6.49,1.4,233740,0.029,Video Streaming
21907,1095.9,361,1312,10.84,237.58,24006825,0.07,Video Streaming
168,1221.6,250,1469,8.3,1.39,205226,0.045,Video Streaming
260,970.6,347,1203,5.75,1.49,252360,0.073,Video Streaming
40290,1273.9,407,1412,3.89,156.77,51326045,0.043,Video Streaming
6662,1249.4,225,1460,3.37,22.47,8323500,0.028,Video Streaming
665,1227.8,167,1481,4.54,3.02,816488,0.075,Video Streaming
34242,1297.2,854,1414,2.72,93.05,44417244,0.028,Video Streaming
609,1131.0,355,1218,6.16,3.75,688800,0.076,Video Streaming
6793,1130.3,296,1339,4.57,31.02,7678467,0.072,Video Streaming
276,1362.1,420,1500,5.99,1.65,375951,0.061,Video Streaming
8218,1089.3,350,1209,10.52,86.42,8951886,0.022,Video Streaming
21683,1318.4,172,1500,2.0,43.34,28587622,0.067,Video Streaming
16514,1236.5,136,1305,6.27,103.59,20420148,0.082,Video Streaming
545,1041.6,189,1500,17.3,9.42,567693,0.439,Video Streaming
582,1208.5,210,1311,7.37,4.29,703374,0.043,Video Streaming
247,1163.4,328,1281,6.23,1.54,287353,0.024,Video Streaming
462,1211.2,301,1301,7.83,3.62,559577,0.059,Video Streaming
7945,1143.0,443,1334,4.55,36.15,9081500,0.05,Video Streaming
219,1213.7,309,1500,12.12,2.65,265798,0.084,Video Streaming
69174,1145.9,445,1349,3.85,266.36,79263451,0.02,Video Streaming
15037,875.3,394,1121,11.0,165.36,13161482,0.218,Video Streaming
266,1147.4,348,1302,11.59,3.08,305209,0.023,Video Streaming
1693,514.0,321,651,14.17,23.98,870188,0.352,Video Streaming
164,1110.2,410,1168,6.7,1.1,182072,0.031,Video Streaming
29878,1027.2,244,1222,9.13,272.87,30692168,0.026,Video Streaming
93,1415.6,413,1500,12.95,1.21,131653,0.038,Video Streaming
5739,1248.6,438,1500,5.36,30.73,7165880,0.053,Video Streaming
308,1306.4,420,1500,10.64,3.28,402377,0.05,Video Streaming
7772,967.9,254,1119,12.04,93.57,7522788,0.082,Video Streaming
389,1009.0,331,1124,12.42,4.84,392510,0.029,Video Streaming
438,1231.5,180,1500,9.93,4.35,539377,0.039,Video Streaming
2343,1168.5,388,1349,7.16,16.77,2737760,0.057,Video Streaming
22567,1088.8,427,1144,11.25,253.83,24571969,0.069,Video Streaming
24504,1305.8,285,1459,9.26,226.92,31998199,0.032,Video Streaming
1328,1170.0,365,1421,5.26,6.99,1553785,0.025,Video Streaming
23714,1219.0,242,1292,10.71,253.99,28906634,0.071,Video Streaming
6036,1027.1,236,1120,5.58,33.66,6199358,0.049,Video Streaming
1098,1126.5,299,1375,10.47,11.5,1236937,0.032,Video Streaming
6899,1137.4,138,1245,5.27,36.39,7846808,0.067,Video Streaming
1209,1305.2,321,1480,4.38,5.29,1578043,0.027,Video Streaming
66678,1500,477,1500,4.1,273.35,100017000,0.036,Video Streaming
926,866.5,540,922,61.11,56.59,802410,0.259,Video Streaming
34438,1004.5,218,1116,6.7,230.79,34593902,0.062,Video Streaming
22577,1271.0,152,1339,3.72,84.08,28694335,0.033,Video Streaming
24636,1500,351,1500,8.63,212.67,36954000,0.054,Video Streaming
21917,1131.1,411,1365,4.75,104.11,24790444,0.057,Video Streaming
716,1329.6,463,1500,11.8,8.45,951969,0.038,Video Streaming
12219,1213.2,460,1354,8.46,103.42,14824103,0.023,Video Streaming
1378,1201.3,175,1376,2.71,3.74,1655404,0.029,Video Streaming
41206,1279.9,257,1500,3.8,156.52,52741398,0.079,Video Streaming
295,1282.6,359,1417,4.34,1.28,378357,0.038,Video Streaming
9100,981.3,241,1500,6.68,60.76,8929457,0.102,Video Streaming
425,1213.2,428,1346,9.27,3.94,515614,0.056,Video Streaming
3423,1180.6,189,1243,2.68,9.17,4041085,0.083,Video Streaming
752,1317.3,166,1500,7.6,5.71,990627,0.047,Video Streaming
633,1266.1,392,1439,5.64,3.57,801416,0.044,Video Streaming
4679,851.9,318,1018,21.84,102.2,3986206,0.19,Video Streaming
5032,965.8,149,1134,5.37,27.0,4859876,0.078,Video Streaming
11632,1298.3,316,1412,6.09,70.84,15101731,0.063,Video Streaming
10980,1066.2,355,1309,3.23,35.47,11706616,0.025,Video Streaming
9148,1372.8,140,1500,10.98,100.46,12558049,0.042,Video Streaming
43680,1314.3,169,1500,5.53,241.72,57410296,0.057,Video Streaming
238,1200.7,352,1402,9.77,2.32,285778,0.042,Video Streaming
6727,1151.6,325,1432,8.46,56.91,7746525,0.022,Video Streaming
42344,1068.1,237,1270,6.87,290.98,45226220,0.051,Video Streaming
5958,1173.5,158,1265,7.69,45.84,6991827,0.074,Video Streaming
22745,1049.5,183,1250,10.0,227.52,23870839,0.036,Video Streaming
7443,1196.2,415,1329,10.62,79.01,8903254,0.059,Video Streaming
695,1185.6,121,1437,11.59,8.06,823969,0.028,Video Streaming
31600,1262.3,343,1437,6.07,191.67,39888005,0.039,Video Streaming
7803,1148.6,335,1289,11.3,88.17,8962490,0.067,Video Streaming
8258,1294.0,339,1390,5.2,42.95,10686126,0.035,Video Streaming
447,1266.8,222,1472,5.36,2.4,566248,0.033,Video Streaming
1470,1089.5,277,1258,8.91,13.1,1601495,0.057,Video Streaming
5878,1345.2,184,1500,3.71,21.8,7907028,0.03,Video Streaming
211,1460.0,250,1500,5.05,1.07,308061,0.049,Video Streaming
18740,1085.6,211,1223,3.05,57.2,20344070,0.077,Video Streaming
68,564.2,141,884,78.68,5.34,38369,0.302,Video Streaming
30072,1092.6,324,1160,6.97,209.59,32857136,0.038,Video Streaming
868,1205.7,459,1344,10.12,8.78,1046541,0.037,Video Streaming
12579,1008.9,358,1095,7.52,94.57,12691437,0.027,Video Streaming
89310,1287.4,263,1500,2.93,261.96,114975681,0.027,Video Streaming
2245,1292.3,455,1500,11.15,25.02,2901203,0.086,Video Streaming
1850,1182.0,809,1289,3.07,5.69,2186757,0.032,Video Streaming
13471,1128.2,231,1263,2.38,32.1,15198459,0.048,Video Streaming
72080,1311.5,315,1500,3.22,232.33,94535127,0.045,Video Streaming
34631,1110.5,375,1174,7.32,253.48,38457112,0.046,Video Streaming
24681,1316.2,144,1445,7.96,196.52,32484472,0.04,Video Streaming
22765,1314.4,215,1430,4.82,109.68,29922669,0.033,Video Streaming
68384,1464.9,1221,1500,0.55,37.82,100174983,0.018,File Transfer
130489,1286.2,1159,1356,0.35,45.73,167831261,0.013,File Transfer
35255,1317.1,1184,1338,2.38,83.78,46434235,0.013,File Transfer
10129,1462.0,1109,1500,1.49,15.09,14809065,0.029,File Transfer
9542,1500,1131,1500,2.75,26.23,14313000,0.012,File Transfer
11782,1125.1,855,1164,1.85,21.82,13256446,0.049,File Transfer
26968,1259.1,764,1500,1.35,36.47,33954804,0.204,File Transfer
10215,1500,1414,1500,0.87,8.89,15322500,0.024,File Transfer
12181,1446.6,1368,1459,2.53,30.86,17621040,0.039,File Transfer
45936,1331.5,1054,1373,1.61,73.79,61163252,0.043,File Transfer
756,1441.1,1315,1478,2.33,1.76,1089448,0.024,File Transfer
18814,1476.1,1380,1500,1.53,28.81,27771421,0.013,File Transfer
38579,1343.5,1197,1358,2.66,102.48,51832537,0.052,File Transfer
1268,1068.7,614,1500,7.81,9.9,1355156,0.272,File Transfer
4702,1254.8,1113,1282,2.63,12.35,5900041,0.022,File Transfer
65306,1500,1353,1500,1.43,93.47,97959000,0.031,File Transfer
8172,1282.2,1003,1320,2.7,22.08,10478357,0.038,File Transfer
4152,1453.7,1345,1484,2.07,8.58,6035832,0.04,File Transfer
29249,1411.8,1077,1464,1.98,57.77,41295040,0.025,File Transfer
31694,1420.1,1155,1433,1.44,45.76,45009318,0.029,File Transfer
6448,1310.7,988,1331,2.22,14.34,8451270,0.014,File Transfer
1591,1261.3,1040,1263,2.22,3.53,2006702,0.017,File Transfer
679,1366.7,1100,1409,2.03,1.38,927993,0.017,File Transfer
765,1470.7,1182,1500,2.13,1.63,1125123,0.036,File Transfer
130,932.2,883,962,13.07,1.7,121189,0.204,File Transfer
16840,1433.7,1118,1479,2.05,34.6,24143544,0.01,File Transfer
28810,1191.9,1054,1260,2.55,73.42,34337708,0.022,File Transfer
864,1425.1,1103,1494,1.38,1.2,1231322,0.039,File Transfer
987,1500,1383,1500,1.34,1.32,1480500,0.027,File Transfer
35464,1346.7,1162,1407,2.88,102.04,47757628,0.03,File Transfer
4212,1442.2,1183,1456,0.96,4.04,6074353,0.012,File Transfer
806,867.0,413,1455,53.61,43.22,698799,0.27,File Transfer
6125,1365.0,1244,1436,1.67,10.2,8360679,0.027,File Transfer
505,1069.4,774,1332,3.1,1.56,540025,0.063,File Transfer
10336,1495.2,1137,1498,1.16,11.95,15454753,0.036,File Transfer
4026,1301.5,1224,1367,2.7,10.89,5239918,0.014,File Transfer
80377,1377.8,1212,1390,1.22,98.12,110747294,0.033,File Transfer
19411,1500,1365,1500,2.2,42.7,29116500,0.018,File Transfer
4026,1406.0,1270,1486,0.98,3.93,5660633,0.017,File Transfer
1894,1450.3,1109,1488,0.95,1.79,2746926,0.043,File Transfer
11065,1251.5,980,1294,0.54,6.02,13848372,0.037,File Transfer
40727,1328.0,1212,1395,2.66,108.22,54086814,0.015,File Transfer
1441,1372.3,1232,1441,1.82,2.62,1977515,0.02,File Transfer
230,597.2,530,619,96.84,22.31,137357,0.347,File Transfer
122754,1392.1,1074,1419,0.72,88.2,170885472,0.04,File Transfer
12143,1334.4,1047,1356,0.49,5.94,16203198,0.047,File Transfer
5868,1405.7,1040,1500,2.19,12.87,8248421,0.208,File Transfer
585,1408.6,1198,1480,2.21,1.3,824053,0.044,File Transfer
175338,1302.3,1132,1362,0.59,103.72,228335003,0.021,File Transfer
3493,942.4,765,1105,3.71,12.98,3291751,0.198,File Transfer
39133,1466.2,1099,1500,1.7,66.51,57377966,0.032,File Transfer
18201,1401.6,1220,1449,0.32,5.83,25510693,0.017,File Transfer
31929,1440.1,1304,1454,2.45,78.33,45981345,0.044,File Transfer
601,1290.8,1021,1316,3.07,1.84,775793,0.05,File Transfer
6411,1441.8,1171,1484,2.14,13.72,9243272,0.024,File Transfer
15650,1181.5,915,1228,2.95,46.13,18490649,0.015,File Transfer
111408,1500,1126,1500,0.43,47.99,167112000,0.015,File Transfer
826,1120.8,988,1162,1.29,1.07,925775,0.017,File Transfer
10407,1427.2,1078,1446,2.06,21.47,14852898,0.041,File Transfer
327,1086.1,478,1500,9.6,3.14,355146,0.192,File Transfer
8318,1500,1182,1500,1.02,8.46,12477000,0.021,File Transfer
1668,1254.1,974,1294,2.66,4.43,2091759,0.021,File Transfer
8463,1359.9,1167,1440,1.97,16.67,11508962,0.027,File Transfer
218480,1251.5,962,1309,0.48,104.31,273428444,0.013,File Transfer
6185,1149.6,775,1500,5.89,36.4,7110156,0.113,File Transfer
8094,1456.1,1376,1472,2.7,21.86,11785834,0.017,File Transfer
175907,1368.9,1129,1429,0.52,90.71,240799285,0.049,File Transfer
2432,1318.8,1249,1367,1.43,3.47,3207210,0.026,File Transfer
8989,1500,1165,1500,2.74,24.6,13483500,0.021,File Transfer
55381,1334.4,1100,1351,1.97,109.06,73903045,0.042,File Transfer
424,1439.8,1241,1467,2.94,1.25,610480,0.034,File Transfer
28479,1463.6,1105,1500,3.36,95.57,41682068,0.027,File Transfer
4335,1408.5,1078,1472,2.5,10.85,6106028,0.044,File Transfer
4337,1422.1,1079,1452,0.36,1.58,6167692,0.047,File Transfer
5530,1500,1384,1500,1.64,9.05,8295000,0.038,File Transfer
172426,1253.7,1154,1270,0.33,56.17,216162514,0.039,File Transfer
44947,1458.5,1345,1500,1.88,84.45,65553864,0.021,File Transfer
2890,1088.5,925,1107,15.45,44.64,3145629,0.161,File Transfer
40693,1470.6,1264,1487,2.03,82.57,59842218,0.014,File Transfer
7413,1305.6,1183,1313,2.54,18.8,9678276,0.011,File Transfer
16398,1500,1237,1500,0.44,7.22,24597000,0.035,File Transfer
22084,1497.4,1255,1500,1.24,27.3,33069051,0.033,File Transfer
5357,1259.7,975,1318,2.83,15.18,6748175,0.029,File Transfer
1817,1500,1348,1500,1.78,3.23,2725500,0.027,File Transfer
355,959.7,632,1491,17.94,6.37,340676,0.164,File Transfer
1511,1459.6,1222,1500,2.21,3.34,2205498,0.039,File Transfer
1795,1500,1278,1500,0.86,1.54,2692500,0.041,File Transfer
25427,1366.1,1291,1381,0.4,10.17,34735453,0.016,File Transfer
11203,1495.3,1391,1500,0.9,10.04,16751459,0.01,File Transfer
19321,1480.9,1287,1500,1.86,35.99,28611817,0.051,File Transfer
31161,1227.9,850,1416,1.76,54.85,38262957,0.044,File Transfer
13736,1154.0,981,1201,4.56,62.57,15850899,0.189,File Transfer
4110,1417.8,1278,1444,0.72,2.95,5827024,0.014,File Transfer
93793,1378.4,1203,1394,1.09,102.59,129281177,0.017,File Transfer
13412,1346.2,1277,1418,0.58,7.74,18055882,0.032,File Transfer
37683,1364.3,662,1500,3.27,123.17,51410847,0.05,File Transfer
4971,1224.0,1104,1225,1.11,5.5,6084605,0.046,File Transfer
4565,1349.1,1176,1415,1.95,8.9,6158546,0.016,File Transfer
85409,1397.3,1160,1453,0.66,56.66,119339834,0.03,File Transfer
2698,1399.3,1209,1426,2.19,5.9,3775242,0.043,File Transfer
21036,1267.9,1073,1277,2.33,49.03,26671683,0.037,File Transfer
7400,1371.8,1142,1408,1.27,9.39,10151542,0.02,File Transfer
13277,1383.4,1252,1464,1.65,21.89,18367505,0.048,File Transfer
14583,1128.4,932,1185,2.18,31.86,16455566,0.117,File Transfer
68703,1373.8,1091,1444,0.59,40.36,94382869,0.019,File Transfer
7269,1346.9,1252,1357,2.27,16.48,9790257,0.011,File Transfer
168283,1269.7,1098,1323,0.47,79.49,213670432,0.02,File Transfer
66536,1183.0,1070,1242,1.33,88.38,78713126,0.024,File Transfer
58372,1305.4,1168,1374,1.77,103.28,76200400,0.042,File Transfer
34634,1180.1,966,1241,2.56,88.62,40872008,0.013,File Transfer
98593,1481.9,1209,1500,1.15,113.75,146101227,0.026,File Transfer
196945,1409.1,1114,1448,0.33,65.12,277516157,0.011,File Transfer
17584,1338.1,1235,1344,1.72,30.2,23529676,0.043,File Transfer
14652,1375.0,1161,1410,2.29,33.51,20146171,0.04,File Transfer
46173,1274.5,1182,1297,2.48,114.65,58846359,0.047,File Transfer
5693,1281.1,1057,1315,2.0,11.41,7293487,0.014,File Transfer
6237,1077.7,691,1500,3.33,20.79,6721602,0.089,File Transfer
7006,1225.8,926,1250,2.92,20.47,8588037,0.039,File Transfer
749,1404.1,1283,1485,1.9,1.43,1051687,0.016,File Transfer
553,1293.3,1120,1351,2.78,1.53,715212,0.02,File Transfer
94062,1268.0,972,1290,0.71,66.57,119273037,0.032,File Transfer
53962,1500,1329,1500,0.66,35.74,80943000,0.04,File Transfer
29478,1450.3,1361,1460,2.81,82.83,42753247,0.032,File Transfer
72622,1372.9,1228,1394,1.4,101.6,99699204,0.02,File Transfer
1446,1477.4,1143,1500,2.73,3.95,2136296,0.043,File Transfer
8786,1119.6,618,1500,5.01,44.01,9836770,0.105,File Transfer
83542,1267.0,1083,1317,1.32,110.13,105848538,0.043,File Transfer
44787,1314.4,1111,1326,1.64,73.66,58868391,0.013,File Transfer
22762,1407.5,1243,1489,0.4,9.13,32037299,0.022,File Transfer
631,1092.3,642,1500,6.51,4.11,689234,0.069,File Transfer
504,1282.4,1210,1326,2.64,1.33,646344,0.039,File Transfer
84469,1276.7,1137,1287,1.52,128.49,107843243,0.02,File Transfer
1887,1066.9,652,1500,8.33,15.72,2013309,0.087,File Transfer
33737,1420.1,1270,1484,0.58,19.56,47908326,0.022,File Transfer
2258,1297.7,1188,1373,1.02,2.31,2930098,0.011,File Transfer
19856,1500,1286,1500,0.91,18.12,29784000,0.009,File Transfer
1406,1322.9,1105,1367,1.13,1.59,1859933,0.042,File Transfer
20668,1453.1,1132,1500,3.04,62.85,30032790,0.054,File Transfer
60706,1500,1270,1500,1.37,83.15,91059000,0.039,File Transfer
43161,1408.7,1199,1424,2.47,106.59,60801784,0.026,File Transfer
21520,1360.0,1072,1380,0.83,17.8,29266975,0.035,File Transfer
1620,1333.1,1153,1399,1.36,2.2,2159661,0.036,File Transfer
220,707.2,623,715,48.69,10.73,155584,0.217,File Transfer
23275,1486.3,1372,1500,1.1,25.57,34592514,0.03,File Transfer
40555,1500,1282,1500,1.97,80.09,60832500,0.03,File Transfer
81288,1388.4,1087,1464,1.52,123.42,112858208,0.023,File Transfer
1266,1233.9,1060,1257,2.29,2.9,1562158,0.015,File Transfer
120,1025.2,641,1500,8.58,1.03,123025,0.085,File Transfer
622,1457.7,1330,1500,2.3,1.43,906707,0.023,File Transfer
64738,1289.2,1092,1362,1.62,104.65,83460083,0.05,File Transfer
1357,1480.4,1220,1500,2.53,3.43,2008897,0.025,File Transfer
9020,1500,1334,1500,1.2,10.78,13530000,0.023,File Transfer
8713,1432.7,1205,1433,1.65,14.36,12483255,0.01,File Transfer
30124,1500,1148,1500,1.55,46.76,45186000,0.02,File Transfer
29970,1412.7,1185,1479,2.89,86.65,42339087,0.031,File Transfer
21569,1308.6,1091,1363,2.73,58.78,28224539,0.04,File Transfer
67122,1441.5,1356,1452,1.54,103.41,96754169,0.017,File Transfer
54889,1466.1,1122,1500,1.45,79.59,80474477,0.033,File Transfer
104735,1318.1,1229,1347,0.85,88.95,138052460,0.035,File Transfer
57056,1493.3,1357,1500,0.93,52.86,85203199,0.012,File Transfer
41936,1248.1,1060,1249,2.38,99.91,52338556,0.044,File Transfer
55306,1337.5,1144,1381,1.95,108.12,73972179,0.043,File Transfer
77981,1322.1,1204,1386,0.74,57.53,103097015,0.012,File Transfer
5029,1362.4,1119,1436,1.58,7.93,6851290,0.023,File Transfer
21954,1288.2,1001,1304,1.24,27.22,28280740,0.045,File Transfer
94992,1290.0,1049,1313,0.88,83.67,122539373,0.019,File Transfer
8489,1453.8,1152,1500,2.18,18.47,12341082,0.029,File Transfer
77109,1279.4,1101,1293,1.65,127.11,98654705,0.038,File Transfer
1116,1297.5,1172,1305,1.04,1.16,1448062,0.023,File Transfer
10321,1500,1204,1500,2.89,29.82,15481500,0.029,File Transfer
85059,1241.7,1136,1309,0.71,59.98,105620812,0.044,File Transfer
3066,1314.8,1243,1377,2.16,6.62,4031152,0.051,File Transfer
63425,1340.9,1007,1402,1.25,79.46,85046719,0.017,File Transfer
22687,1373.1,1060,1389,0.71,16.07,31152389,0.018,File Transfer
64935,1500,1391,1500,1.45,94.19,97402500,0.038,File Transfer
2789,1500,1176,1500,1.09,3.04,4183500,0.051,File Transfer
12065,1244.6,990,1253,1.2,14.44,15015932,0.026,File Transfer
22668,1392.7,1090,1472,0.62,14.13,31568740,0.036,File Transfer
14134,1312.8,1081,1373,2.01,28.36,18554831,0.021,File Transfer
34033,1458.8,1094,1500,2.14,72.74,49647806,0.025,File Transfer
2489,1312.0,1245,1382,1.86,4.62,3265661,0.02,File Transfer
17941,1500,1214,1500,2.71,48.56,26911500,0.026,File Transfer
3480,1388.7,1167,1444,1.56,5.44,4832548,0.045,File Transfer
69918,1215.3,1095,1282,1.45,101.04,84973513,0.011,File Transfer
1194,1420.5,1274,1498,2.15,2.57,1696110,0.038,File Transfer
1355,1500,1303,1500,1.07,1.44,2032500,0.014,File Transfer
16656,1451.3,1301,1500,2.45,40.78,24172635,0.033,File Transfer
438,1402.8,1204,1439,2.5,1.1,614440,0.022,File Transfer
19434,1238.8,1056,1257,1.41,27.38,24074718,0.014,File Transfer
2155,1399.8,1321,1403,2.32,5.0,3016569,0.036,File Transfer
1434,1344.4,1170,1361,2.68,3.84,1927842,0.041,File Transfer
35468,1500,1138,1500,0.94,33.49,53202000,0.022,File Transfer
499,1381.6,1169,1426,2.14,1.07,689427,0.015,File Transfer
1041,1341.6,1041,1372,2.72,2.83,1396627,0.04,File Transfer
3641,1228.2,980,1290,1.89,6.89,4471795,0.039,File Transfer
5632,1461.3,1102,1500,2.92,16.47,8229826,0.04,File Transfer
10285,1380.0,1279,1429,1.9,19.51,14193439,0.025,File Transfer
45107,1423.2,1158,1473,0.5,22.42,64195533,0.042,File Transfer
28927,1452.1,1106,1476,1.97,56.85,42004179,0.025,File Transfer
2546,1359.1,1192,1410,2.6,6.62,3460366,0.032,File Transfer
574,1500,1221,1500,3.32,1.91,861000,0.038,File Transfer
50890,1306.3,1014,1348,0.79,40.21,66475572,0.012,File Transfer
27100,1307.7,1147,1339,0.57,15.33,35437490,0.051,File Transfer
67452,1339.6,1073,1366,0.68,45.82,90357679,0.028,File Transfer
38129,1447.2,1316,1495,2.37,90.26,55182040,0.044,File Transfer
13148,1293.5,1066,1368,2.55,33.49,17007101,0.027,File Transfer
1859,800.3,268,1276,16.01,29.76,1487706,0.166,File Transfer
1176,1350.5,1036,1367,3.71,4.36,1588175,0.035,File Transfer
7272,1453.7,1368,1456,0.99,7.17,10571585,0.036,File Transfer
20950,1176.0,1080,1186,1.94,40.68,24637625,0.048,File Transfer
70758,1500,1336,1500,1.43,101.09,106137000,0.051,File Transfer
17137,1500,1343,1500,2.55,43.63,25705500,0.038,File Transfer
4900,1346.8,1239,1354,2.17,10.63,6599394,0.049,File Transfer
55748,1314.8,1157,1379,1.51,84.3,73295325,0.053,File Transfer
13191,1500,1405,1500,1.46,19.25,19786500,0.012,File Transfer
60806,1435.7,1347,1451,0.78,47.59,87299548,0.011,File Transfer
14191,1252.3,1124,1287,2.82,40.02,17771177,0.033,File Transfer
9590,1426.5,1134,1454,2.74,26.28,13679860,0.017,File Transfer
10347,1290.7,1001,1316,1.42,14.66,13354629,0.025,File Transfer
29269,1265.0,1147,1279,1.03,30.26,37025971,0.012,File Transfer
42149,1229.9,1093,1273,1.67,70.18,51839516,0.012,File Transfer
44829,1230.5,968,1270,0.45,19.99,55160393,0.035,File Transfer
1769,1438.6,1188,1474,1.23,2.18,2544884,0.026,File Transfer
1103,1279.0,1159,1302,2.42,2.67,1410745,0.019,File Transfer
5906,1442.6,1256,1479,1.63,9.64,8520134,0.041,File Transfer
1965,1079.5,909,1165,3.87,7.59,2121176,0.117,File Transfer
73289,1390.2,1117,1472,1.17,85.93,101889224,0.042,File Transfer
68889,1284.1,1004,1315,1.85,127.17,88462318,0.037,File Transfer
2174,1321.7,1010,1361,3.18,6.92,2873348,0.045,File Transfer
14295,1488.2,1374,1500,1.86,26.65,21273778,0.045,File Transfer
3701,1292.6,1082,1353,3.11,11.51,4784088,0.029,File Transfer
43564,1201.6,940,1211,2.34,101.78,52344892,0.038,File Transfer
3828,1305.5,1015,1340,3.52,13.47,4997587,0.025,File Transfer
5668,1491.4,1323,1500,1.9,10.79,8453425,0.025,File Transfer
2323,1477.2,1334,1500,1.31,3.04,3431489,0.015,File Transfer
7740,1500,1156,1500,1.43,11.08,11610000,0.029,File Transfer
4811,1340.6,745,1500,8.12,39.07,6449436,0.096,File Transfer
30731,1283.3,1205,1289,2.21,67.87,39438008,0.048,File Transfer
16816,1410.7,1308,1441,2.33,39.12,23721630,0.017,File Transfer
113011,1473.1,1328,1500,0.85,96.01,166473953,0.055,File Transfer
224311,1443.6,1200,1500,0.43,95.46,323814265,0.029,File Transfer
2162,1236.8,1076,1282,1.95,4.21,2673984,0.024,File Transfer
365,969.4,830,1001,24.85,9.06,353824,0.28,File Transfer
1957,1149.5,560,1500,11.87,23.24,2249482,0.095,File Transfer
3168,1400.6,1235,1422,2.19,6.94,4437173,0.034,File Transfer
6931,1370.8,1030,1422,0.95,6.57,9500759,0.036,File Transfer
13650,1426.5,1072,1500,2.24,30.64,19471443,0.034,File Transfer
881,1240.9,1172,1259,1.96,1.72,1093262,0.025,File Transfer
20757,1318.2,1241,1354,0.56,11.71,27361535,0.041,File Transfer
4874,1294.7,1133,1341,1.81,8.83,6310176,0.023,File Transfer
14798,1348.3,1061,1404,2.5,37.04,19952046,0.03,File Transfer
25270,1500,1366,1500,2.02,51.07,37905000,0.023,File Transfer
23428,1463.8,1139,1500,2.0,46.84,34293648,0.021,File Transfer
9260,1423.9,1222,1449,0.31,2.91,13185513,0.015,File Transfer
33734,1497.4,1368,1500,3.38,114.08,50513102,0.035,File Transfer
9320,1477.3,1335,1500,1.93,17.95,13768692,0.035,File Transfer
82009,1339.0,1106,1342,0.35,28.91,109807732,0.033,File Transfer
2987,1463.6,1124,1500,2.56,7.64,4371730,0.026,File Transfer
6853,1412.9,1270,1428,2.67,18.29,9682312,0.025,File Transfer
3390,1329.2,1235,1356,3.24,10.99,4505892,0.035,File Transfer
19773,1445.7,1329,1476,1.81,35.72,28585947,0.009,File Transfer
3543,1447.7,1158,1493,0.52,1.86,5129290,0.039,File Transfer
7797,1366.8,1137,1424,2.36,18.41,10657030,0.042,File Transfer
34803,1180.8,965,1200,1.68,58.49,41095651,0.039,File Transfer
24038,1457.8,1134,1500,1.33,32.02,35041607,0.035,File Transfer
19641,1289.8,1186,1364,2.7,52.99,25332943,0.041,File Transfer
13696,1383.6,1110,1460,1.15,15.78,18949149,0.047,File Transfer
41268,1454.9,1199,1500,0.78,32.14,60039653,0.04,File Transfer
30676,1379.0,1188,1434,1.89,57.83,42303265,0.025,File Transfer
104434,1312.4,1106,1319,0.67,69.89,137061607,0.041,File Transfer
718,1462.5,1212,1477,2.1,1.5,1050049,0.033,File Transfer
7935,1384.6,1171,1455,1.42,11.3,10986806,0.022,File Transfer
35062,1500,1275,1500,2.93,102.62,52593000,0.044,File Transfer
3132,1500,1374,1500,0.83,2.59,4698000,0.038,File Transfer
28530,1500,1348,1500,2.57,73.42,42795000,0.033,File Transfer
7711,1235.2,950,1260,0.53,4.1,9524645,0.018,File Transfer
2977,1444.7,1168,1500,2.03,6.05,4300942,0.046,File Transfer
49459,1390.6,1126,1459,1.59,78.66,68778010,0.045,File Transfer
77637,1458.0,1310,1500,0.49,38.23,113191178,0.021,File Transfer
449,1324.6,1094,1381,2.39,1.07,594756,0.026,File Transfer
1116,1500,1361,1500,1.65,1.85,1674000,0.01,File Transfer
5055,1381.8,1218,1457,0.57,2.86,6985130,0.017,File Transfer
16122,1261.4,885,1500,2.67,43.05,20335929,0.111,File Transfer
44711,1381.7,1045,1433,2.58,115.37,61778492,0.041,File Transfer
1002,1396.3,1102,1443,2.82,2.83,1399094,0.019,File Transfer
40423,1500,1290,1500,1.25,50.36,60634500,0.028,File Transfer
71601,1240.1,1095,1282,0.8,57.21,88793651,0.013,File Transfer
58127,1355.0,1108,1422,0.62,36.31,78762678,0.039,File Transfer
5281,1363.7,1255,1426,0.97,5.1,7201726,0.035,File Transfer
6354,1330.2,1248,1391,1.42,9.03,8451879,0.034,File Transfer
265767,1495.7,1359,1500,0.38,100.58,397518097,0.027,File Transfer
1439,1500,1355,1500,0.75,1.09,2158500,0.026,File Transfer
30677,1444.4,1327,1470,0.83,25.57,44309949,0.043,File Transfer
901,1337.8,1035,1350,1.79,1.61,1205347,0.037,File Transfer
12189,1424.5,1077,1500,1.2,14.62,17362986,0.032,File Transfer
93474,1336.2,1111,1357,1.01,94.37,124902367,0.024,File Transfer
98564,1393.2,1237,1463,1.03,101.81,137317833,0.033,File Transfer
45875,1316.6,1149,1372,0.61,28.11,60398019,0.02,File Transfer
34977,1500,1372,1500,2.74,95.77,52465500,0.047,File Transfer
30689,1368.6,1046,1422,0.53,16.36,42000240,0.011,File Transfer
